{
    "accuracy": 78.0952380952381,
    "accuracy_kmeans": 67.61904761904762,
    "alpha": 0.01,
    "batch_size": 512,
    "beta": 1.0,
    "context_size": 4,
    "cuda": true,
    "dataset": "books",
    "em_iter": 0,
    "embedding_optimizer": "exphsgd",
    "epoch": 1,
    "epoch_embedding": 10,
    "epoch_embedding_init": 500,
    "force_rw": true,
    "gamma": 0.1,
    "id": "BOOKS-5D-KMEANS-1",
    "init_alpha": 0.01,
    "init_beta": 1.0,
    "init_lr": 2.0,
    "kmeans_from_embeddings": {
        "MAX": 83.80952453613281,
        "MEANS": 75.66667175292969,
        "MIN": 67.61904907226562,
        "RES": [
            69.52381134033203,
            76.19047546386719,
            69.52381134033203,
            69.52381134033203,
            76.19047546386719,
            76.19047546386719,
            76.19047546386719,
            69.52381134033203,
            76.19047546386719,
            69.52381134033203,
            76.19047546386719,
            76.19047546386719,
            83.80952453613281,
            81.9047622680664,
            76.19047546386719,
            76.19047546386719,
            83.80952453613281,
            81.9047622680664,
            83.80952453613281,
            75.23809814453125,
            67.61904907226562,
            83.80952453613281,
            69.52381134033203,
            75.23809814453125,
            69.52381134033203,
            76.19047546386719,
            83.80952453613281,
            76.19047546386719,
            76.19047546386719,
            69.52381134033203,
            76.19047546386719,
            76.19047546386719,
            75.23809814453125,
            69.52381134033203,
            76.19047546386719,
            76.19047546386719,
            83.80952453613281,
            69.52381134033203,
            76.19047546386719,
            76.19047546386719
        ],
        "STD": 4.865538597106934,
        "STD_KMEANS": [
            [
                51.14554977416992,
                46.188262939453125,
                16.966094970703125
            ],
            [
                39.78242111206055,
                31.805736541748047,
                37.972084045410156
            ],
            [
                51.14554977416992,
                46.188262939453125,
                16.966094970703125
            ],
            [
                51.14554977416992,
                16.966094970703125,
                46.188262939453125
            ],
            [
                31.805736541748047,
                37.972084045410156,
                39.78242111206055
            ],
            [
                31.805736541748047,
                37.972084045410156,
                39.78242111206055
            ],
            [
                31.805736541748047,
                37.972084045410156,
                39.78242111206055
            ],
            [
                16.966094970703125,
                51.14554977416992,
                46.188262939453125
            ],
            [
                37.972084045410156,
                39.78242111206055,
                31.805736541748047
            ],
            [
                46.188262939453125,
                51.14554977416992,
                16.966094970703125
            ],
            [
                31.805736541748047,
                37.972084045410156,
                39.78242111206055
            ],
            [
                31.805736541748047,
                39.78242111206055,
                37.972084045410156
            ],
            [
                10.934704780578613,
                44.48895263671875,
                56.46535110473633
            ],
            [
                43.316707611083984,
                37.37900924682617,
                29.914464950561523
            ],
            [
                31.805736541748047,
                37.972084045410156,
                39.78242111206055
            ],
            [
                39.78242111206055,
                31.805736541748047,
                37.972084045410156
            ],
            [
                7.4179368019104,
                44.48895263671875,
                60.292118072509766
            ],
            [
                43.316707611083984,
                29.914464950561523,
                37.37900924682617
            ],
            [
                60.292118072509766,
                7.4179368019104,
                44.48895263671875
            ],
            [
                38.641197204589844,
                39.157020568847656,
                31.805736541748047
            ],
            [
                50.54541778564453,
                46.8001823425293,
                16.966094970703125
            ],
            [
                10.934704780578613,
                44.48895263671875,
                56.46535110473633
            ],
            [
                46.188262939453125,
                51.14554977416992,
                16.966094970703125
            ],
            [
                31.805736541748047,
                38.641197204589844,
                39.157020568847656
            ],
            [
                51.14554977416992,
                46.188262939453125,
                16.966094970703125
            ],
            [
                39.78242111206055,
                37.972084045410156,
                31.805736541748047
            ],
            [
                44.48895263671875,
                60.292118072509766,
                7.4179368019104
            ],
            [
                37.972084045410156,
                31.805736541748047,
                39.78242111206055
            ],
            [
                39.78242111206055,
                31.805736541748047,
                37.972084045410156
            ],
            [
                51.14554977416992,
                46.188262939453125,
                16.966094970703125
            ],
            [
                39.78242111206055,
                31.805736541748047,
                37.972084045410156
            ],
            [
                31.805736541748047,
                37.972084045410156,
                39.78242111206055
            ],
            [
                38.641197204589844,
                39.157020568847656,
                31.805736541748047
            ],
            [
                16.966094970703125,
                46.188262939453125,
                51.14554977416992
            ],
            [
                39.78242111206055,
                31.805736541748047,
                37.972084045410156
            ],
            [
                39.78242111206055,
                37.972084045410156,
                31.805736541748047
            ],
            [
                10.934704780578613,
                56.46535110473633,
                44.48895263671875
            ],
            [
                51.14554977416992,
                46.188262939453125,
                16.966094970703125
            ],
            [
                31.805736541748047,
                39.78242111206055,
                37.972084045410156
            ],
            [
                31.805736541748047,
                37.972084045410156,
                39.78242111206055
            ]
        ]
    },
    "lr": 2.0,
    "n_gaussian": 3,
    "negative_sampling": 10,
    "precompute_rw": 5,
    "save": true,
    "seed": 42,
    "size": 5,
    "walk_lenght": 20
}