{
    "accuracy_iter_0": 93.87254901960785,
    "accuracy_iter_1": 93.70915032679738,
    "accuracy_iter_2": 93.4640522875817,
    "accuracy_iter_3": 93.54575163398692,
    "accuracy_iter_4": 93.95424836601308,
    "accuracy_iter_5": 93.62745098039215,
    "accuracy_iter_6": 93.62745098039215,
    "accuracy_iter_7": 93.62745098039215,
    "alpha": 0.1,
    "batch_size": 100000,
    "beta": 2.0,
    "context_size": 5,
    "cuda": true,
    "dataset": "polblog",
    "em_iter": 4,
    "embedding_optimizer": "exphsgd",
    "epoch": 50,
    "epoch_embedding": 20,
    "epoch_embedding_init": 150,
    "force_rw": true,
    "gamma": 0.1,
    "id": "polblog-2D-EM-02",
    "init_alpha": 0.1,
    "init_beta": 2.0,
    "init_lr": 0.0001,
    "loss_aggregation": "sum",
    "lr": 0.0001,
    "n_gaussian": 2,
    "negative_sampling": 10,
    "precompute_rw": 1,
    "save": true,
    "seed": 185,
    "size": 2,
    "walk_lenght": 20
}