{
    "accuracy": 82.85714285714286,
    "accuracy_iter_0": 87.61904761904762,
    "accuracy_iter_1": 88.57142857142857,
    "accuracy_iter_10": 83.80952380952381,
    "accuracy_iter_11": 83.80952380952381,
    "accuracy_iter_12": 83.80952380952381,
    "accuracy_iter_13": 83.80952380952381,
    "accuracy_iter_14": 82.85714285714286,
    "accuracy_iter_15": 82.85714285714286,
    "accuracy_iter_16": 83.80952380952381,
    "accuracy_iter_17": 82.85714285714286,
    "accuracy_iter_18": 83.80952380952381,
    "accuracy_iter_19": 82.85714285714286,
    "accuracy_iter_2": 87.61904761904762,
    "accuracy_iter_20": 84.76190476190476,
    "accuracy_iter_21": 85.71428571428571,
    "accuracy_iter_22": 85.71428571428571,
    "accuracy_iter_23": 85.71428571428571,
    "accuracy_iter_24": 85.71428571428571,
    "accuracy_iter_25": 85.71428571428571,
    "accuracy_iter_26": 83.80952380952381,
    "accuracy_iter_27": 84.76190476190476,
    "accuracy_iter_28": 82.85714285714286,
    "accuracy_iter_29": 83.80952380952381,
    "accuracy_iter_3": 86.66666666666667,
    "accuracy_iter_30": 83.80952380952381,
    "accuracy_iter_31": 84.76190476190476,
    "accuracy_iter_32": 82.85714285714286,
    "accuracy_iter_33": 83.80952380952381,
    "accuracy_iter_34": 84.76190476190476,
    "accuracy_iter_35": 86.66666666666667,
    "accuracy_iter_36": 85.71428571428571,
    "accuracy_iter_37": 85.71428571428571,
    "accuracy_iter_38": 85.71428571428571,
    "accuracy_iter_39": 82.85714285714286,
    "accuracy_iter_4": 86.66666666666667,
    "accuracy_iter_40": 82.85714285714286,
    "accuracy_iter_41": 82.85714285714286,
    "accuracy_iter_42": 82.85714285714286,
    "accuracy_iter_43": 82.85714285714286,
    "accuracy_iter_44": 84.76190476190476,
    "accuracy_iter_5": 86.66666666666667,
    "accuracy_iter_6": 87.61904761904762,
    "accuracy_iter_7": 85.71428571428571,
    "accuracy_iter_8": 85.71428571428571,
    "accuracy_iter_9": 83.80952380952381,
    "alpha": 0.1,
    "batch_size": 100000,
    "beta": 2.0,
    "context_size": 5,
    "cuda": true,
    "dataset": "books",
    "em_iter": 4,
    "embedding_optimizer": "exphsgd",
    "epoch": 50,
    "epoch_embedding": 20,
    "epoch_embedding_init": 150,
    "force_rw": true,
    "gamma": 0.1,
    "id": "polbooks-2D-EM-02",
    "init_alpha": 0.1,
    "init_beta": 2.0,
    "init_lr": 0.0001,
    "loss_aggregation": "sum",
    "lr": 0.0001,
    "n_gaussian": 3,
    "negative_sampling": 10,
    "precompute_rw": 1,
    "save": true,
    "seed": 178,
    "size": 2,
    "walk_lenght": 20
}