{
    "accuracy": 79.04761904761905,
    "accuracy_kmeans": 75.23809523809524,
    "alpha": 0.01,
    "batch_size": 512,
    "beta": 1.0,
    "context_size": 4,
    "cuda": true,
    "dataset": "books",
    "em_iter": 0,
    "embedding_optimizer": "exphsgd",
    "epoch": 1,
    "epoch_embedding": 10,
    "epoch_embedding_init": 500,
    "force_rw": true,
    "gamma": 0.1,
    "id": "BOOKS-3D-KMEANS-2",
    "init_alpha": 0.01,
    "init_beta": 1.0,
    "init_lr": 2.0,
    "kmeans_from_embeddings": {
        "MAX": 82.85713958740234,
        "MEANS": 78.76189422607422,
        "MIN": 70.47618865966797,
        "RES": [
            76.19047546386719,
            82.85713958740234,
            79.04762268066406,
            80.0,
            79.04762268066406,
            80.0,
            79.04762268066406,
            80.0,
            79.04762268066406,
            70.47618865966797,
            80.0,
            75.23809814453125,
            76.19047546386719,
            80.0,
            79.04762268066406,
            79.04762268066406,
            80.0,
            80.0,
            80.0,
            78.0952377319336,
            80.0,
            76.19047546386719,
            80.0,
            82.85713958740234,
            80.0,
            80.0,
            76.19047546386719,
            80.0,
            80.0,
            78.0952377319336,
            81.9047622680664,
            76.19047546386719,
            80.0,
            80.0,
            76.19047546386719,
            79.04762268066406,
            80.0,
            76.19047546386719,
            79.04762268066406,
            75.23809814453125
        ],
        "STD": 2.3248579502105713,
        "STD_KMEANS": [
            [
                36.77259063720703,
                28.245319366455078,
                45.16724395751953
            ],
            [
                44.171016693115234,
                44.587928771972656,
                20.606460571289062
            ],
            [
                43.31663513183594,
                26.619503021240234,
                39.21247863769531
            ],
            [
                44.587928771972656,
                25.336999893188477,
                39.21247863769531
            ],
            [
                31.037954330444336,
                35.972412109375,
                42.81734848022461
            ],
            [
                44.587928771972656,
                39.21247863769531,
                25.336999893188477
            ],
            [
                42.81734848022461,
                31.037954330444336,
                35.972412109375
            ],
            [
                44.587928771972656,
                39.21247863769531,
                25.336999893188477
            ],
            [
                42.81734848022461,
                31.037954330444336,
                35.972412109375
            ],
            [
                55.624053955078125,
                49.27771759033203,
                30.181058883666992
            ],
            [
                25.336999893188477,
                39.21247863769531,
                44.587928771972656
            ],
            [
                33.41910934448242,
                33.64962387084961,
                42.96979904174805
            ],
            [
                28.245319366455078,
                45.16724395751953,
                36.77259063720703
            ],
            [
                25.336999893188477,
                44.587928771972656,
                39.21247863769531
            ],
            [
                26.619503021240234,
                39.21247863769531,
                43.31663513183594
            ],
            [
                31.037954330444336,
                42.81734848022461,
                35.972412109375
            ],
            [
                25.336999893188477,
                44.587928771972656,
                39.21247863769531
            ],
            [
                44.587928771972656,
                39.21247863769531,
                25.336999893188477
            ],
            [
                25.336999893188477,
                39.21247863769531,
                44.587928771972656
            ],
            [
                41.70707321166992,
                39.30888748168945,
                28.32370376586914
            ],
            [
                44.587928771972656,
                25.336999893188477,
                39.21247863769531
            ],
            [
                45.16724395751953,
                36.77259063720703,
                28.245319366455078
            ],
            [
                44.587928771972656,
                25.336999893188477,
                39.21247863769531
            ],
            [
                20.606460571289062,
                44.587928771972656,
                44.171016693115234
            ],
            [
                44.587928771972656,
                39.21247863769531,
                25.336999893188477
            ],
            [
                25.336999893188477,
                39.21247863769531,
                44.587928771972656
            ],
            [
                28.245319366455078,
                36.77259063720703,
                45.16724395751953
            ],
            [
                39.21247863769531,
                44.587928771972656,
                25.336999893188477
            ],
            [
                39.21247863769531,
                44.587928771972656,
                25.336999893188477
            ],
            [
                39.30888748168945,
                41.70707321166992,
                28.32370376586914
            ],
            [
                44.171016693115234,
                43.31663513183594,
                21.8880615234375
            ],
            [
                28.245319366455078,
                36.77259063720703,
                45.16724395751953
            ],
            [
                44.587928771972656,
                39.21247863769531,
                25.336999893188477
            ],
            [
                39.21247863769531,
                44.587928771972656,
                25.336999893188477
            ],
            [
                28.245319366455078,
                36.77259063720703,
                45.16724395751953
            ],
            [
                39.21247863769531,
                43.31663513183594,
                26.619503021240234
            ],
            [
                39.21247863769531,
                25.336999893188477,
                44.587928771972656
            ],
            [
                33.64962387084961,
                35.46403503417969,
                40.853660583496094
            ],
            [
                42.81734848022461,
                35.972412109375,
                31.037954330444336
            ],
            [
                46.78523635864258,
                28.245319366455078,
                35.25717544555664
            ]
        ]
    },
    "lr": 2.0,
    "n_gaussian": 3,
    "negative_sampling": 10,
    "precompute_rw": 5,
    "save": true,
    "seed": 42,
    "size": 3,
    "walk_lenght": 20
}