{
    "accuracy": 79.04761904761905,
    "accuracy_kmeans": 75.23809523809524,
    "alpha": 0.01,
    "batch_size": 512,
    "beta": 1.0,
    "context_size": 4,
    "cuda": true,
    "dataset": "books",
    "em_iter": 0,
    "embedding_optimizer": "exphsgd",
    "epoch": 1,
    "epoch_embedding": 10,
    "epoch_embedding_init": 500,
    "force_rw": true,
    "gamma": 0.1,
    "id": "BOOKS-3D-KMEANS-2",
    "init_alpha": 0.01,
    "init_beta": 1.0,
    "init_lr": 2.0,
    "kmeans_from_embeddings": {
        "MAX": 82.85713958740234,
        "MEANS": 78.4285659790039,
        "MIN": 69.52381134033203,
        "RES": [
            76.19047546386719,
            69.52381134033203,
            80.0,
            76.19047546386719,
            79.04762268066406,
            80.0,
            79.04762268066406,
            79.04762268066406,
            79.04762268066406,
            78.0952377319336,
            79.04762268066406,
            80.0,
            82.85713958740234,
            78.0952377319336,
            76.19047546386719,
            79.04762268066406,
            78.0952377319336,
            79.04762268066406,
            80.0,
            80.0,
            79.04762268066406,
            75.23809814453125,
            76.19047546386719,
            80.0,
            76.19047546386719,
            80.0,
            80.0,
            79.04762268066406,
            80.0,
            78.0952377319336,
            80.0,
            79.04762268066406,
            77.14286041259766,
            79.04762268066406,
            80.0,
            76.19047546386719,
            80.0,
            79.04762268066406,
            79.04762268066406,
            75.23809814453125
        ],
        "STD": 2.1840431690216064,
        "STD_KMEANS": [
            [
                36.70732498168945,
                45.1698112487793,
                28.18292999267578
            ],
            [
                53.723567962646484,
                37.96788787841797,
                42.60945129394531
            ],
            [
                39.14509963989258,
                44.51343536376953,
                25.293237686157227
            ],
            [
                36.70732498168945,
                28.18292999267578,
                45.1698112487793
            ],
            [
                43.244224548339844,
                26.583698272705078,
                39.14509963989258
            ],
            [
                25.293237686157227,
                44.51343536376953,
                39.14509963989258
            ],
            [
                43.244224548339844,
                26.583698272705078,
                39.14509963989258
            ],
            [
                26.583698272705078,
                39.14509963989258,
                43.244224548339844
            ],
            [
                30.98861312866211,
                42.745567321777344,
                35.90891647338867
            ],
            [
                41.63568115234375,
                35.90891647338867,
                32.088314056396484
            ],
            [
                26.583698272705078,
                43.244224548339844,
                39.14509963989258
            ],
            [
                25.293237686157227,
                39.14509963989258,
                44.51343536376953
            ],
            [
                20.57321548461914,
                44.51343536376953,
                44.096107482910156
            ],
            [
                39.242557525634766,
                28.276039123535156,
                41.63568115234375
            ],
            [
                36.70732498168945,
                45.1698112487793,
                28.18292999267578
            ],
            [
                43.244224548339844,
                39.14509963989258,
                26.583698272705078
            ],
            [
                41.63568115234375,
                35.90891647338867,
                32.088314056396484
            ],
            [
                42.745567321777344,
                35.90891647338867,
                30.98861312866211
            ],
            [
                44.51343536376953,
                39.14509963989258,
                25.293237686157227
            ],
            [
                44.51343536376953,
                39.14509963989258,
                25.293237686157227
            ],
            [
                35.90891647338867,
                42.745567321777344,
                30.98861312866211
            ],
            [
                42.97230911254883,
                33.35747528076172,
                33.587345123291016
            ],
            [
                36.70732498168945,
                28.18292999267578,
                45.1698112487793
            ],
            [
                39.14509963989258,
                44.51343536376953,
                25.293237686157227
            ],
            [
                39.14509963989258,
                39.242557525634766,
                30.82315444946289
            ],
            [
                39.14509963989258,
                44.51343536376953,
                25.293237686157227
            ],
            [
                39.14509963989258,
                44.51343536376953,
                25.293237686157227
            ],
            [
                30.98861312866211,
                42.745567321777344,
                35.90891647338867
            ],
            [
                44.51343536376953,
                39.14509963989258,
                25.293237686157227
            ],
            [
                32.088314056396484,
                41.63568115234375,
                35.90891647338867
            ],
            [
                44.51343536376953,
                39.14509963989258,
                25.293237686157227
            ],
            [
                42.745567321777344,
                35.90891647338867,
                30.98861312866211
            ],
            [
                29.22860336303711,
                39.242557525634766,
                40.73579406738281
            ],
            [
                42.745567321777344,
                35.90891647338867,
                30.98861312866211
            ],
            [
                44.51343536376953,
                39.14509963989258,
                25.293237686157227
            ],
            [
                36.70732498168945,
                28.18292999267578,
                45.1698112487793
            ],
            [
                44.51343536376953,
                39.14509963989258,
                25.293237686157227
            ],
            [
                39.14509963989258,
                43.244224548339844,
                26.583698272705078
            ],
            [
                39.14509963989258,
                43.244224548339844,
                26.583698272705078
            ],
            [
                28.18292999267578,
                35.193206787109375,
                46.78788757324219
            ]
        ]
    },
    "lr": 2.0,
    "n_gaussian": 3,
    "negative_sampling": 10,
    "precompute_rw": 5,
    "save": true,
    "seed": 42,
    "size": 3,
    "walk_lenght": 20
}