{
    "accuracy": 95.1797385620915,
    "accuracy_kmeans": 95.1797385620915,
    "alpha": 0.1,
    "batch_size": 512,
    "beta": 1.0,
    "context_size": 10,
    "cuda": true,
    "dataset": "polblog",
    "em_iter": 0,
    "embedding_optimizer": "exphsgd",
    "epoch": 1,
    "epoch_embedding": 10,
    "epoch_embedding_init": 500,
    "gamma": 5.0,
    "id": "blogs-2D-KMEANS-1",
    "init_alpha": -1.0,
    "init_beta": -1.0,
    "init_lr": -1.0,
    "kmeans_from_embeddings": {
        "MAX": 95.17974090576172,
        "MEANS": 95.15522766113281,
        "MIN": 95.09803771972656,
        "RES": [
            95.17974090576172,
            95.17974090576172,
            95.09803771972656,
            95.17974090576172,
            95.09803771972656,
            95.17974090576172,
            95.17974090576172,
            95.17974090576172,
            95.17974090576172,
            95.09803771972656
        ],
        "STD": 0.039466388523578644
    },
    "lr": 20.0,
    "n_gaussian": 2,
    "negative_sampling": 10,
    "precompute_rw": 5,
    "save": true,
    "size": 2,
    "walk_lenght": 60
}