{
    "accuracy": 94.11764705882352,
    "accuracy_kmeans": 94.11764705882352,
    "alpha": 0.1,
    "batch_size": 512,
    "beta": 1.0,
    "context_size": 5,
    "cuda": true,
    "dataset": "karate",
    "em_iter": 0,
    "embedding_optimizer": "exphsgd",
    "epoch": 1,
    "epoch_embedding": 10,
    "epoch_embedding_init": 50,
    "gamma": 5.0,
    "id": "karate-10D-KMEANS-2",
    "init_alpha": -1.0,
    "init_beta": -1.0,
    "init_lr": -1.0,
    "kmeans_from_embeddings": {
        "MAX": 94.11764526367188,
        "MEANS": 90.29412841796875,
        "MIN": 55.882354736328125,
        "RES": [
            94.11764526367188,
            94.11764526367188,
            94.11764526367188,
            55.882354736328125,
            94.11764526367188,
            94.11764526367188,
            94.11764526367188,
            94.11764526367188,
            94.11764526367188,
            94.11764526367188
        ],
        "STD": 12.091060638427734,
        "STD_KMEANS": [
            [
                0.09791265428066254,
                0.13145646452903748
            ],
            [
                0.13145646452903748,
                0.09791265428066254
            ],
            [
                0.13145646452903748,
                0.09791265428066254
            ],
            [
                0.22295986115932465,
                0.19788621366024017
            ],
            [
                0.13145646452903748,
                0.09791265428066254
            ],
            [
                0.13145646452903748,
                0.09791265428066254
            ],
            [
                0.13145646452903748,
                0.09791265428066254
            ],
            [
                0.13145646452903748,
                0.09791265428066254
            ],
            [
                0.13145646452903748,
                0.09791265428066254
            ],
            [
                0.13145646452903748,
                0.09791265428066254
            ]
        ]
    },
    "lr": 2.0,
    "n_gaussian": 2,
    "negative_sampling": 5,
    "precompute_rw": 5,
    "save": true,
    "size": 10,
    "walk_lenght": 20
}