{
    "accuracy": 94.11764705882352,
    "accuracy_kmeans": 91.17647058823529,
    "alpha": 0.1,
    "batch_size": 512,
    "beta": 1.0,
    "context_size": 5,
    "cuda": true,
    "dataset": "karate",
    "em_iter": 0,
    "embedding_optimizer": "exphsgd",
    "epoch": 1,
    "epoch_embedding": 10,
    "epoch_embedding_init": 500,
    "gamma": 5.0,
    "id": "karate-10D-KMEANS-2",
    "init_alpha": -1.0,
    "init_beta": -1.0,
    "init_lr": -1.0,
    "kmeans_from_embeddings": {
        "MAX": 97.05882263183594,
        "MEANS": 90.29412078857422,
        "MIN": 70.5882339477539,
        "RES": [
            97.05882263183594,
            91.17646789550781,
            97.05882263183594,
            70.5882339477539,
            97.05882263183594,
            94.11764526367188,
            97.05882263183594,
            70.5882339477539,
            91.17646789550781,
            97.05882263183594
        ],
        "STD": 10.654296875
    },
    "lr": 2.0,
    "n_gaussian": 2,
    "negative_sampling": 5,
    "precompute_rw": 5,
    "save": true,
    "size": 10,
    "walk_lenght": 20
}