{
    "accuracy": 97.05882352941177,
    "accuracy_kmeans": 94.11764705882352,
    "alpha": 0.1,
    "batch_size": 512,
    "beta": 1.0,
    "context_size": 5,
    "cuda": true,
    "dataset": "karate",
    "em_iter": 0,
    "embedding_optimizer": "exphsgd",
    "epoch": 1,
    "epoch_embedding": 10,
    "epoch_embedding_init": 50,
    "gamma": 5.0,
    "id": "karate-2D-KMEANS-1",
    "init_alpha": -1.0,
    "init_beta": -1.0,
    "init_lr": -1.0,
    "kmeans_from_embeddings": {
        "MAX": 97.05882263183594,
        "MEANS": 91.47059631347656,
        "MIN": 52.94117736816406,
        "RES": [
            94.11764526367188,
            94.11764526367188,
            52.94117736816406,
            97.05882263183594,
            97.05882263183594,
            94.11764526367188,
            97.05882263183594,
            97.05882263183594,
            94.11764526367188,
            97.05882263183594
        ],
        "STD": 13.6165132522583,
        "STD_KMEANS": [
            [
                0.24552316963672638,
                0.30188506841659546
            ],
            [
                0.30188506841659546,
                0.24552316963672638
            ],
            [
                0.4909527003765106,
                0.45403462648391724
            ],
            [
                0.29777106642723083,
                0.2744940221309662
            ],
            [
                0.29777106642723083,
                0.2744940221309662
            ],
            [
                0.24552316963672638,
                0.30188506841659546
            ],
            [
                0.2744940221309662,
                0.29777106642723083
            ],
            [
                0.29777106642723083,
                0.2744940221309662
            ],
            [
                0.24552316963672638,
                0.30188506841659546
            ],
            [
                0.2744940221309662,
                0.29777106642723083
            ]
        ]
    },
    "lr": 2.0,
    "n_gaussian": 2,
    "negative_sampling": 5,
    "precompute_rw": 5,
    "save": true,
    "size": 2,
    "walk_lenght": 20
}