{
    "accuracy": 94.11764705882352,
    "accuracy_kmeans": 97.05882352941177,
    "alpha": 0.1,
    "batch_size": 512,
    "beta": 1.0,
    "context_size": 5,
    "cuda": true,
    "dataset": "karate",
    "em_iter": 0,
    "embedding_optimizer": "exphsgd",
    "epoch": 1,
    "epoch_embedding": 10,
    "epoch_embedding_init": 500,
    "gamma": 5.0,
    "id": "karate-3D-KMEANS-1",
    "init_alpha": -1.0,
    "init_beta": -1.0,
    "init_lr": -1.0,
    "kmeans_from_embeddings": {
        "MAX": 97.05882263183594,
        "MEANS": 95.58824157714844,
        "MIN": 94.11764526367188,
        "RES": [
            94.11764526367188,
            94.11764526367188,
            97.05882263183594,
            97.05882263183594,
            94.11764526367188,
            94.11764526367188,
            97.05882263183594,
            97.05882263183594,
            94.11764526367188,
            97.05882263183594
        ],
        "STD": 1.5501365661621094,
        "STD_KMEANS": [
            [
                12.251922607421875,
                15.0198335647583
            ],
            [
                12.251922607421875,
                15.0198335647583
            ],
            [
                13.810609817504883,
                13.773816108703613
            ],
            [
                13.810609817504883,
                13.773816108703613
            ],
            [
                15.0198335647583,
                12.251922607421875
            ],
            [
                15.0198335647583,
                12.251922607421875
            ],
            [
                13.810609817504883,
                13.773816108703613
            ],
            [
                13.773816108703613,
                13.810609817504883
            ],
            [
                15.0198335647583,
                12.251922607421875
            ],
            [
                13.810609817504883,
                13.773816108703613
            ]
        ]
    },
    "lr": 2.0,
    "n_gaussian": 2,
    "negative_sampling": 5,
    "precompute_rw": 5,
    "save": true,
    "seed": 42,
    "size": 3,
    "walk_lenght": 20
}