{
    "accuracy": 91.17647058823529,
    "accuracy_iter_0": 82.35294117647058,
    "accuracy_iter_1": 82.35294117647058,
    "accuracy_iter_10": 91.17647058823529,
    "accuracy_iter_11": 91.17647058823529,
    "accuracy_iter_12": 91.17647058823529,
    "accuracy_iter_13": 91.17647058823529,
    "accuracy_iter_14": 91.17647058823529,
    "accuracy_iter_15": 91.17647058823529,
    "accuracy_iter_16": 91.17647058823529,
    "accuracy_iter_17": 91.17647058823529,
    "accuracy_iter_18": 91.17647058823529,
    "accuracy_iter_19": 91.17647058823529,
    "accuracy_iter_2": 82.35294117647058,
    "accuracy_iter_20": 91.17647058823529,
    "accuracy_iter_21": 91.17647058823529,
    "accuracy_iter_22": 91.17647058823529,
    "accuracy_iter_23": 91.17647058823529,
    "accuracy_iter_24": 91.17647058823529,
    "accuracy_iter_25": 91.17647058823529,
    "accuracy_iter_26": 91.17647058823529,
    "accuracy_iter_27": 91.17647058823529,
    "accuracy_iter_28": 91.17647058823529,
    "accuracy_iter_29": 91.17647058823529,
    "accuracy_iter_3": 82.35294117647058,
    "accuracy_iter_30": 91.17647058823529,
    "accuracy_iter_31": 91.17647058823529,
    "accuracy_iter_32": 91.17647058823529,
    "accuracy_iter_33": 91.17647058823529,
    "accuracy_iter_34": 91.17647058823529,
    "accuracy_iter_35": 91.17647058823529,
    "accuracy_iter_36": 91.17647058823529,
    "accuracy_iter_37": 91.17647058823529,
    "accuracy_iter_38": 91.17647058823529,
    "accuracy_iter_39": 91.17647058823529,
    "accuracy_iter_4": 88.23529411764706,
    "accuracy_iter_40": 91.17647058823529,
    "accuracy_iter_41": 91.17647058823529,
    "accuracy_iter_42": 91.17647058823529,
    "accuracy_iter_43": 91.17647058823529,
    "accuracy_iter_44": 91.17647058823529,
    "accuracy_iter_45": 91.17647058823529,
    "accuracy_iter_46": 91.17647058823529,
    "accuracy_iter_47": 91.17647058823529,
    "accuracy_iter_48": 91.17647058823529,
    "accuracy_iter_49": 91.17647058823529,
    "accuracy_iter_5": 88.23529411764706,
    "accuracy_iter_6": 91.17647058823529,
    "accuracy_iter_7": 91.17647058823529,
    "accuracy_iter_8": 91.17647058823529,
    "accuracy_iter_9": 91.17647058823529,
    "alpha": 0.1,
    "batch_size": 100000,
    "beta": 2.0,
    "context_size": 5,
    "cuda": true,
    "dataset": "karate",
    "em_iter": 4,
    "embedding_optimizer": "exphsgd",
    "epoch": 50,
    "epoch_embedding": 20,
    "epoch_embedding_init": 150,
    "force_rw": true,
    "gamma": 1.0,
    "id": "karate-2D-EM-02",
    "init_alpha": 0.1,
    "init_beta": 2.0,
    "init_lr": 0.0001,
    "loss_aggregation": "sum",
    "lr": 0.0001,
    "n_gaussian": 2,
    "negative_sampling": 10,
    "precompute_rw": 1,
    "save": true,
    "seed": 178,
    "size": 2,
    "walk_lenght": 20
}