{
    "accuracy": 74.28571428571429,
    "accuracy_kmeans": 74.28571428571429,
    "alpha": 0.01,
    "batch_size": 512,
    "beta": 1.0,
    "context_size": 4,
    "cuda": true,
    "dataset": "books",
    "em_iter": 0,
    "embedding_optimizer": "exphsgd",
    "epoch": 1,
    "epoch_embedding": 10,
    "epoch_embedding_init": 500,
    "force_rw": true,
    "gamma": 0.1,
    "id": "BOOKS-2D-KMEANS-2",
    "init_alpha": 0.01,
    "init_beta": 1.0,
    "init_lr": 2.0,
    "kmeans_from_embeddings": {
        "MAX": 82.85713958740234,
        "MEANS": 76.26190185546875,
        "MIN": 65.71428680419922,
        "RES": [
            80.95237731933594,
            74.28571319580078,
            82.85713958740234,
            74.28571319580078,
            74.28571319580078,
            74.28571319580078,
            65.71428680419922,
            74.28571319580078,
            80.95237731933594,
            74.28571319580078,
            74.28571319580078,
            72.38095092773438,
            74.28571319580078,
            74.28571319580078,
            74.28571319580078,
            74.28571319580078,
            82.85713958740234,
            74.28571319580078,
            82.85713958740234,
            74.28571319580078,
            74.28571319580078,
            74.28571319580078,
            81.9047622680664,
            74.28571319580078,
            74.28571319580078,
            74.28571319580078,
            74.28571319580078,
            74.28571319580078,
            65.71428680419922,
            81.9047622680664,
            82.85713958740234,
            74.28571319580078,
            80.0,
            81.9047622680664,
            81.9047622680664,
            82.85713958740234,
            74.28571319580078,
            80.0,
            74.28571319580078,
            74.28571319580078
        ],
        "STD": 4.3797173500061035,
        "STD_KMEANS": [
            [
                65.9715805053711,
                37.614830017089844,
                9.299339294433594
            ],
            [
                33.468223571777344,
                23.54291343688965,
                48.924888610839844
            ],
            [
                14.086277961730957,
                60.701637268066406,
                37.614830017089844
            ],
            [
                33.468223571777344,
                23.54291343688965,
                48.924888610839844
            ],
            [
                48.924888610839844,
                23.54291343688965,
                33.468223571777344
            ],
            [
                33.468223571777344,
                23.54291343688965,
                48.924888610839844
            ],
            [
                40.66392135620117,
                63.7310905456543,
                28.862655639648438
            ],
            [
                23.54291343688965,
                33.468223571777344,
                48.924888610839844
            ],
            [
                65.9715805053711,
                9.299339294433594,
                37.614830017089844
            ],
            [
                48.924888610839844,
                23.54291343688965,
                33.468223571777344
            ],
            [
                33.468223571777344,
                23.54291343688965,
                48.924888610839844
            ],
            [
                50.24605178833008,
                25.613882064819336,
                52.58720779418945
            ],
            [
                23.54291343688965,
                33.468223571777344,
                48.924888610839844
            ],
            [
                48.924888610839844,
                23.54291343688965,
                33.468223571777344
            ],
            [
                33.468223571777344,
                23.54291343688965,
                48.924888610839844
            ],
            [
                23.54291343688965,
                33.468223571777344,
                48.924888610839844
            ],
            [
                37.614830017089844,
                14.086277961730957,
                60.701637268066406
            ],
            [
                23.54291343688965,
                48.924888610839844,
                33.468223571777344
            ],
            [
                14.086277961730957,
                37.614830017089844,
                60.701637268066406
            ],
            [
                23.54291343688965,
                33.468223571777344,
                48.924888610839844
            ],
            [
                33.468223571777344,
                23.54291343688965,
                48.924888610839844
            ],
            [
                48.924888610839844,
                33.468223571777344,
                23.54291343688965
            ],
            [
                65.9715805053711,
                7.279423236846924,
                39.4431266784668
            ],
            [
                33.468223571777344,
                23.54291343688965,
                48.924888610839844
            ],
            [
                33.468223571777344,
                48.924888610839844,
                23.54291343688965
            ],
            [
                48.924888610839844,
                33.468223571777344,
                23.54291343688965
            ],
            [
                23.54291343688965,
                33.468223571777344,
                48.924888610839844
            ],
            [
                33.468223571777344,
                48.924888610839844,
                23.54291343688965
            ],
            [
                28.862655639648438,
                40.66392135620117,
                63.7310905456543
            ],
            [
                14.215719223022461,
                58.62801742553711,
                39.4431266784668
            ],
            [
                14.086277961730957,
                37.614830017089844,
                60.701637268066406
            ],
            [
                48.924888610839844,
                33.468223571777344,
                23.54291343688965
            ],
            [
                71.57244110107422,
                29.79967498779297,
                15.817220687866211
            ],
            [
                65.9715805053711,
                39.4431266784668,
                7.279423236846924
            ],
            [
                65.9715805053711,
                39.4431266784668,
                7.279423236846924
            ],
            [
                37.614830017089844,
                14.086277961730957,
                60.701637268066406
            ],
            [
                23.54291343688965,
                33.468223571777344,
                48.924888610839844
            ],
            [
                71.57244110107422,
                15.817220687866211,
                29.79967498779297
            ],
            [
                23.54291343688965,
                33.468223571777344,
                48.924888610839844
            ],
            [
                48.924888610839844,
                33.468223571777344,
                23.54291343688965
            ]
        ]
    },
    "lr": 2.0,
    "n_gaussian": 3,
    "negative_sampling": 10,
    "precompute_rw": 5,
    "save": true,
    "seed": 42,
    "size": 2,
    "walk_lenght": 20
}