{
    "accuracy": 74.28571428571429,
    "accuracy_kmeans": 74.28571428571429,
    "alpha": 0.01,
    "batch_size": 512,
    "beta": 1.0,
    "context_size": 4,
    "cuda": true,
    "dataset": "books",
    "em_iter": 0,
    "embedding_optimizer": "exphsgd",
    "epoch": 1,
    "epoch_embedding": 10,
    "epoch_embedding_init": 500,
    "force_rw": true,
    "gamma": 0.1,
    "id": "BOOKS-2D-KMEANS-2",
    "init_alpha": 0.01,
    "init_beta": 1.0,
    "init_lr": 2.0,
    "kmeans_from_embeddings": {
        "MAX": 82.85713958740234,
        "MEANS": 76.16665649414062,
        "MIN": 72.38095092773438,
        "RES": [
            81.9047622680664,
            75.23809814453125,
            74.28571319580078,
            74.28571319580078,
            74.28571319580078,
            74.28571319580078,
            74.28571319580078,
            74.28571319580078,
            82.85713958740234,
            74.28571319580078,
            72.38095092773438,
            74.28571319580078,
            74.28571319580078,
            74.28571319580078,
            74.28571319580078,
            74.28571319580078,
            74.28571319580078,
            74.28571319580078,
            74.28571319580078,
            74.28571319580078,
            81.9047622680664,
            74.28571319580078,
            82.85713958740234,
            74.28571319580078,
            74.28571319580078,
            80.95237731933594,
            81.9047622680664,
            80.95237731933594,
            80.0,
            82.85713958740234,
            74.28571319580078,
            74.28571319580078,
            74.28571319580078,
            74.28571319580078,
            74.28571319580078,
            74.28571319580078,
            74.28571319580078,
            74.28571319580078,
            82.85713958740234,
            74.28571319580078
        ],
        "STD": 3.4065732955932617,
        "STD_KMEANS": [
            [
                66.06026458740234,
                39.519775390625,
                7.278481960296631
            ],
            [
                81.80628204345703,
                37.67198181152344,
                14.058161735534668
            ],
            [
                33.53874588012695,
                23.599294662475586,
                48.92213821411133
            ],
            [
                48.92213821411133,
                33.53874588012695,
                23.599294662475586
            ],
            [
                23.599294662475586,
                33.53874588012695,
                48.92213821411133
            ],
            [
                48.92213821411133,
                23.599294662475586,
                33.53874588012695
            ],
            [
                23.599294662475586,
                48.92213821411133,
                33.53874588012695
            ],
            [
                23.599294662475586,
                33.53874588012695,
                48.92213821411133
            ],
            [
                37.682373046875,
                14.085148811340332,
                60.78644561767578
            ],
            [
                48.92213821411133,
                23.599294662475586,
                33.53874588012695
            ],
            [
                49.21998596191406,
                53.321170806884766,
                25.658119201660156
            ],
            [
                33.53874588012695,
                48.92213821411133,
                23.599294662475586
            ],
            [
                23.599294662475586,
                33.53874588012695,
                48.92213821411133
            ],
            [
                48.92213821411133,
                23.599294662475586,
                33.53874588012695
            ],
            [
                23.599294662475586,
                48.92213821411133,
                33.53874588012695
            ],
            [
                23.599294662475586,
                48.92213821411133,
                33.53874588012695
            ],
            [
                33.53874588012695,
                23.599294662475586,
                48.92213821411133
            ],
            [
                23.599294662475586,
                33.53874588012695,
                48.92213821411133
            ],
            [
                23.599294662475586,
                48.92213821411133,
                33.53874588012695
            ],
            [
                48.92213821411133,
                33.53874588012695,
                23.599294662475586
            ],
            [
                39.519775390625,
                66.06026458740234,
                7.278481960296631
            ],
            [
                33.53874588012695,
                48.92213821411133,
                23.599294662475586
            ],
            [
                14.085148811340332,
                60.78644561767578,
                37.682373046875
            ],
            [
                33.53874588012695,
                23.599294662475586,
                48.92213821411133
            ],
            [
                23.599294662475586,
                48.92213821411133,
                33.53874588012695
            ],
            [
                66.06026458740234,
                9.298334121704102,
                37.682373046875
            ],
            [
                66.06026458740234,
                39.519775390625,
                7.278481960296631
            ],
            [
                39.519775390625,
                8.63177490234375,
                64.85380554199219
            ],
            [
                15.815789222717285,
                29.864425659179688,
                71.65860748291016
            ],
            [
                60.78644561767578,
                37.682373046875,
                14.085148811340332
            ],
            [
                48.92213821411133,
                33.53874588012695,
                23.599294662475586
            ],
            [
                23.599294662475586,
                48.92213821411133,
                33.53874588012695
            ],
            [
                23.599294662475586,
                33.53874588012695,
                48.92213821411133
            ],
            [
                33.53874588012695,
                23.599294662475586,
                48.92213821411133
            ],
            [
                23.599294662475586,
                33.53874588012695,
                48.92213821411133
            ],
            [
                48.92213821411133,
                33.53874588012695,
                23.599294662475586
            ],
            [
                33.53874588012695,
                23.599294662475586,
                48.92213821411133
            ],
            [
                33.53874588012695,
                48.92213821411133,
                23.599294662475586
            ],
            [
                60.78644561767578,
                14.085148811340332,
                37.682373046875
            ],
            [
                23.599294662475586,
                33.53874588012695,
                48.92213821411133
            ]
        ]
    },
    "lr": 2.0,
    "n_gaussian": 3,
    "negative_sampling": 10,
    "precompute_rw": 5,
    "save": true,
    "seed": 42,
    "size": 2,
    "walk_lenght": 20
}