{
    "accuracy": 97.05882352941177,
    "accuracy_kmeans": 94.11764705882352,
    "alpha": 0.1,
    "batch_size": 512,
    "beta": 1.0,
    "context_size": 5,
    "cuda": true,
    "dataset": "karate",
    "em_iter": 0,
    "embedding_optimizer": "exphsgd",
    "epoch": 1,
    "epoch_embedding": 10,
    "epoch_embedding_init": 50,
    "gamma": 5.0,
    "id": "karate-4D-KMEANS-2",
    "init_alpha": -1.0,
    "init_beta": -1.0,
    "init_lr": -1.0,
    "kmeans_from_embeddings": {
        "MAX": 97.05882263183594,
        "MEANS": 95.88236236572266,
        "MIN": 94.11764526367188,
        "RES": [
            94.11764526367188,
            97.05882263183594,
            97.05882263183594,
            97.05882263183594,
            97.05882263183594,
            97.05882263183594,
            94.11764526367188,
            97.05882263183594,
            94.11764526367188,
            94.11764526367188
        ],
        "STD": 1.51881742477417,
        "STD_KMEANS": [
            [
                0.1803632378578186,
                0.18765676021575928
            ],
            [
                0.1946563571691513,
                0.1881914734840393
            ],
            [
                0.1946563571691513,
                0.1881914734840393
            ],
            [
                0.1946563571691513,
                0.1881914734840393
            ],
            [
                0.1946563571691513,
                0.1881914734840393
            ],
            [
                0.1946563571691513,
                0.1881914734840393
            ],
            [
                0.1803632378578186,
                0.18765676021575928
            ],
            [
                0.1881914734840393,
                0.1946563571691513
            ],
            [
                0.18765676021575928,
                0.1803632378578186
            ],
            [
                0.1803632378578186,
                0.18765676021575928
            ]
        ]
    },
    "lr": 2.0,
    "n_gaussian": 2,
    "negative_sampling": 5,
    "precompute_rw": 5,
    "save": true,
    "size": 4,
    "walk_lenght": 20
}