{
    "accuracy": 80.95238095238095,
    "accuracy_kmeans": 75.23809523809524,
    "alpha": 0.01,
    "batch_size": 512,
    "beta": 1.0,
    "context_size": 4,
    "cuda": true,
    "dataset": "books",
    "em_iter": 0,
    "embedding_optimizer": "exphsgd",
    "epoch": 1,
    "epoch_embedding": 10,
    "epoch_embedding_init": 500,
    "force_rw": true,
    "gamma": 0.1,
    "id": "BOOKS-4D-KMEANS-2",
    "init_alpha": 0.01,
    "init_beta": 1.0,
    "init_lr": 2.0,
    "kmeans_from_embeddings": {
        "MAX": 83.80952453613281,
        "MEANS": 75.59523010253906,
        "MIN": 67.61904907226562,
        "RES": [
            77.14286041259766,
            75.23809814453125,
            75.23809814453125,
            76.19047546386719,
            78.0952377319336,
            70.47618865966797,
            72.38095092773438,
            71.42857360839844,
            68.57142639160156,
            77.14286041259766,
            82.85713958740234,
            77.14286041259766,
            80.95237731933594,
            67.61904907226562,
            75.23809814453125,
            75.23809814453125,
            77.14286041259766,
            76.19047546386719,
            75.23809814453125,
            78.0952377319336,
            77.14286041259766,
            75.23809814453125,
            74.28571319580078,
            83.80952453613281,
            75.23809814453125,
            75.23809814453125,
            77.14286041259766,
            75.23809814453125,
            75.23809814453125,
            75.23809814453125,
            77.14286041259766,
            83.80952453613281,
            75.23809814453125,
            68.57142639160156,
            75.23809814453125,
            77.14286041259766,
            75.23809814453125,
            75.23809814453125,
            69.52381134033203,
            75.23809814453125
        ],
        "STD": 3.6004114151000977,
        "STD_KMEANS": [
            [
                44.8051872253418,
                35.77120590209961,
                31.25712776184082
            ],
            [
                29.205398559570312,
                42.382347106933594,
                40.273399353027344
            ],
            [
                42.382347106933594,
                40.273399353027344,
                29.205398559570312
            ],
            [
                29.205398559570312,
                38.16148376464844,
                44.72139358520508
            ],
            [
                36.25651550292969,
                49.76641845703125,
                27.603591918945312
            ],
            [
                69.33739471435547,
                40.38232421875,
                15.574051856994629
            ],
            [
                45.80447769165039,
                39.30308151245117,
                44.535186767578125
            ],
            [
                33.50761032104492,
                13.68919563293457,
                75.59986877441406
            ],
            [
                61.38794708251953,
                13.7058744430542,
                45.076873779296875
            ],
            [
                42.382347106933594,
                31.579204559326172,
                37.8141975402832
            ],
            [
                58.88222885131836,
                9.569433212280273,
                45.84771728515625
            ],
            [
                37.8141975402832,
                31.579204559326172,
                42.382347106933594
            ],
            [
                17.450389862060547,
                60.97981262207031,
                36.671783447265625
            ],
            [
                51.331024169921875,
                56.62213134765625,
                16.493459701538086
            ],
            [
                40.273399353027344,
                42.382347106933594,
                29.205398559570312
            ],
            [
                42.382347106933594,
                29.205398559570312,
                40.273399353027344
            ],
            [
                30.127843856811523,
                41.071563720703125,
                40.6456298828125
            ],
            [
                46.037864685058594,
                30.127843856811523,
                35.77120590209961
            ],
            [
                40.273399353027344,
                29.205398559570312,
                42.382347106933594
            ],
            [
                36.25651550292969,
                49.76641845703125,
                27.603591918945312
            ],
            [
                31.579204559326172,
                37.8141975402832,
                42.382347106933594
            ],
            [
                42.382347106933594,
                29.205398559570312,
                40.273399353027344
            ],
            [
                25.176372528076172,
                42.75144958496094,
                45.488643646240234
            ],
            [
                7.534798622131348,
                45.84771728515625,
                60.806129455566406
            ],
            [
                42.382347106933594,
                29.205398559570312,
                40.273399353027344
            ],
            [
                40.273399353027344,
                29.205398559570312,
                42.382347106933594
            ],
            [
                44.8051872253418,
                31.25712776184082,
                35.77120590209961
            ],
            [
                42.382347106933594,
                40.273399353027344,
                29.205398559570312
            ],
            [
                42.382347106933594,
                40.273399353027344,
                29.205398559570312
            ],
            [
                29.205398559570312,
                40.273399353027344,
                42.382347106933594
            ],
            [
                37.8141975402832,
                31.579204559326172,
                42.382347106933594
            ],
            [
                59.11627197265625,
                7.534798622131348,
                47.5141716003418
            ],
            [
                29.205398559570312,
                40.273399353027344,
                42.382347106933594
            ],
            [
                45.076873779296875,
                61.38794708251953,
                13.7058744430542
            ],
            [
                42.382347106933594,
                29.205398559570312,
                40.273399353027344
            ],
            [
                37.8141975402832,
                42.382347106933594,
                31.579204559326172
            ],
            [
                29.205398559570312,
                42.382347106933594,
                40.273399353027344
            ],
            [
                40.273399353027344,
                29.205398559570312,
                42.382347106933594
            ],
            [
                60.8486328125,
                16.493459701538086,
                47.19486618041992
            ],
            [
                40.273399353027344,
                42.382347106933594,
                29.205398559570312
            ]
        ]
    },
    "lr": 2.0,
    "n_gaussian": 3,
    "negative_sampling": 10,
    "precompute_rw": 5,
    "save": true,
    "seed": 42,
    "size": 4,
    "walk_lenght": 20
}