{
    "accuracy": 70.58823529411765,
    "accuracy_kmeans": 94.11764705882352,
    "alpha": 0.1,
    "batch_size": 512,
    "beta": 1.0,
    "context_size": 5,
    "cuda": true,
    "dataset": "karate",
    "em_iter": 0,
    "embedding_optimizer": "exphsgd",
    "epoch": 1,
    "epoch_embedding": 10,
    "epoch_embedding_init": 50,
    "gamma": 5.0,
    "id": "karate-3D-KMEANS-2",
    "init_alpha": -1.0,
    "init_beta": -1.0,
    "init_lr": -1.0,
    "kmeans_from_embeddings": {
        "MAX": 94.11764526367188,
        "MEANS": 91.76470947265625,
        "MIN": 70.5882339477539,
        "RES": [
            94.11764526367188,
            94.11764526367188,
            94.11764526367188,
            94.11764526367188,
            94.11764526367188,
            70.5882339477539,
            94.11764526367188,
            94.11764526367188,
            94.11764526367188,
            94.11764526367188
        ],
        "STD": 7.440653324127197,
        "STD_KMEANS": [
            [
                0.18512530624866486,
                0.16816717386245728
            ],
            [
                0.18512530624866486,
                0.16816717386245728
            ],
            [
                0.16816717386245728,
                0.18512530624866486
            ],
            [
                0.18512530624866486,
                0.16816717386245728
            ],
            [
                0.16816717386245728,
                0.18512530624866486
            ],
            [
                0.18720631301403046,
                0.24813106656074524
            ],
            [
                0.16816717386245728,
                0.18512530624866486
            ],
            [
                0.18512530624866486,
                0.16816717386245728
            ],
            [
                0.18512530624866486,
                0.16816717386245728
            ],
            [
                0.16816717386245728,
                0.18512530624866486
            ]
        ]
    },
    "lr": 2.0,
    "n_gaussian": 2,
    "negative_sampling": 5,
    "precompute_rw": 5,
    "save": true,
    "size": 3,
    "walk_lenght": 20
}