{
    "accuracy": 94.11764705882352,
    "accuracy_kmeans": 94.11764705882352,
    "alpha": 0.1,
    "batch_size": 512,
    "beta": 1.0,
    "context_size": 5,
    "cuda": true,
    "dataset": "karate",
    "em_iter": 0,
    "embedding_optimizer": "exphsgd",
    "epoch": 1,
    "epoch_embedding": 10,
    "epoch_embedding_init": 50,
    "gamma": 5.0,
    "id": "karate-10D-KMEANS-1",
    "init_alpha": -1.0,
    "init_beta": -1.0,
    "init_lr": -1.0,
    "kmeans_from_embeddings": {
        "MAX": 94.11764526367188,
        "MEANS": 87.35294342041016,
        "MIN": 70.5882339477539,
        "RES": [
            94.11764526367188,
            70.5882339477539,
            73.52941131591797,
            94.11764526367188,
            70.5882339477539,
            94.11764526367188,
            94.11764526367188,
            94.11764526367188,
            94.11764526367188,
            94.11764526367188
        ],
        "STD": 10.921586036682129,
        "STD_KMEANS": [
            [
                0.1503792256116867,
                0.09292589873075485
            ],
            [
                0.15936832129955292,
                0.17472152411937714
            ],
            [
                0.3849843144416809,
                0.197414830327034
            ],
            [
                0.09292589873075485,
                0.1503792256116867
            ],
            [
                0.15936832129955292,
                0.17472152411937714
            ],
            [
                0.09292589873075485,
                0.1503792256116867
            ],
            [
                0.1503792256116867,
                0.09292589873075485
            ],
            [
                0.1503792256116867,
                0.09292589873075485
            ],
            [
                0.1503792256116867,
                0.09292589873075485
            ],
            [
                0.09292589873075485,
                0.1503792256116867
            ]
        ]
    },
    "lr": 2.0,
    "n_gaussian": 2,
    "negative_sampling": 5,
    "precompute_rw": 5,
    "save": true,
    "size": 10,
    "walk_lenght": 20
}