{
    "accuracy": 79.41176470588235,
    "accuracy_kmeans": 94.11764705882352,
    "alpha": 0.1,
    "batch_size": 512,
    "beta": 1.0,
    "context_size": 5,
    "cuda": true,
    "dataset": "karate",
    "em_iter": 0,
    "embedding_optimizer": "exphsgd",
    "epoch": 1,
    "epoch_embedding": 10,
    "epoch_embedding_init": 500,
    "gamma": 5.0,
    "id": "karate-10D-KMEANS-1",
    "init_alpha": -1.0,
    "init_beta": -1.0,
    "init_lr": -1.0,
    "kmeans_from_embeddings": {
        "MAX": 94.11764526367188,
        "MEANS": 89.4117660522461,
        "MIN": 70.5882339477539,
        "RES": [
            94.11764526367188,
            70.5882339477539,
            94.11764526367188,
            94.11764526367188,
            94.11764526367188,
            94.11764526367188,
            94.11764526367188,
            94.11764526367188,
            70.5882339477539,
            94.11764526367188
        ],
        "STD": 9.920870780944824,
        "STD_KMEANS": [
            [
                13.163839340209961,
                15.4869966506958
            ],
            [
                30.691987991333008,
                2.66410756111145
            ],
            [
                15.4869966506958,
                13.163839340209961
            ],
            [
                13.163839340209961,
                15.4869966506958
            ],
            [
                13.163839340209961,
                15.4869966506958
            ],
            [
                15.4869966506958,
                13.163839340209961
            ],
            [
                15.4869966506958,
                13.163839340209961
            ],
            [
                13.163839340209961,
                15.4869966506958
            ],
            [
                30.691987991333008,
                2.66410756111145
            ],
            [
                13.163839340209961,
                15.4869966506958
            ]
        ]
    },
    "lr": 2.0,
    "n_gaussian": 2,
    "negative_sampling": 5,
    "precompute_rw": 5,
    "save": true,
    "seed": 42,
    "size": 10,
    "walk_lenght": 20
}