{
    "accuracy": 74.78260869565217,
    "accuracy_iter_0": 72.17391304347827,
    "accuracy_iter_1": 69.56521739130434,
    "accuracy_iter_10": 76.52173913043478,
    "accuracy_iter_11": 76.52173913043478,
    "accuracy_iter_12": 76.52173913043478,
    "accuracy_iter_13": 76.52173913043478,
    "accuracy_iter_14": 76.52173913043478,
    "accuracy_iter_15": 76.52173913043478,
    "accuracy_iter_16": 76.52173913043478,
    "accuracy_iter_17": 76.52173913043478,
    "accuracy_iter_18": 76.52173913043478,
    "accuracy_iter_19": 76.52173913043478,
    "accuracy_iter_2": 76.52173913043478,
    "accuracy_iter_20": 75.65217391304347,
    "accuracy_iter_21": 75.65217391304347,
    "accuracy_iter_22": 75.65217391304347,
    "accuracy_iter_23": 75.65217391304347,
    "accuracy_iter_24": 75.65217391304347,
    "accuracy_iter_25": 75.65217391304347,
    "accuracy_iter_26": 75.65217391304347,
    "accuracy_iter_27": 76.52173913043478,
    "accuracy_iter_28": 75.65217391304347,
    "accuracy_iter_29": 75.65217391304347,
    "accuracy_iter_3": 76.52173913043478,
    "accuracy_iter_30": 75.65217391304347,
    "accuracy_iter_31": 75.65217391304347,
    "accuracy_iter_32": 75.65217391304347,
    "accuracy_iter_33": 75.65217391304347,
    "accuracy_iter_34": 75.65217391304347,
    "accuracy_iter_35": 75.65217391304347,
    "accuracy_iter_36": 76.52173913043478,
    "accuracy_iter_37": 76.52173913043478,
    "accuracy_iter_38": 75.65217391304347,
    "accuracy_iter_39": 75.65217391304347,
    "accuracy_iter_4": 77.39130434782608,
    "accuracy_iter_40": 75.65217391304347,
    "accuracy_iter_41": 76.52173913043478,
    "accuracy_iter_42": 75.65217391304347,
    "accuracy_iter_43": 75.65217391304347,
    "accuracy_iter_44": 74.78260869565217,
    "accuracy_iter_45": 74.78260869565217,
    "accuracy_iter_46": 74.78260869565217,
    "accuracy_iter_47": 74.78260869565217,
    "accuracy_iter_48": 74.78260869565217,
    "accuracy_iter_49": 74.78260869565217,
    "accuracy_iter_5": 75.65217391304347,
    "accuracy_iter_6": 75.65217391304347,
    "accuracy_iter_7": 75.65217391304347,
    "accuracy_iter_8": 75.65217391304347,
    "accuracy_iter_9": 75.65217391304347,
    "alpha": 0.1,
    "batch_size": 100000,
    "beta": 2.0,
    "context_size": 3,
    "cuda": true,
    "dataset": "football",
    "em_iter": 4,
    "embedding_optimizer": "exphsgd",
    "epoch": 50,
    "epoch_embedding": 20,
    "epoch_embedding_init": 150,
    "force_rw": true,
    "gamma": 0.1,
    "id": "football-2D-EM-02",
    "init_alpha": 0.1,
    "init_beta": 2.0,
    "init_lr": 0.0002,
    "loss_aggregation": "sum",
    "lr": 0.0002,
    "n_gaussian": 12,
    "negative_sampling": 10,
    "precompute_rw": 5,
    "save": true,
    "seed": 168,
    "size": 2,
    "walk_lenght": 20
}