{
    "accuracy": 83.47826086956522,
    "accuracy_iter_0": 66.95652173913044,
    "accuracy_iter_1": 71.30434782608695,
    "accuracy_iter_10": 77.39130434782608,
    "accuracy_iter_11": 74.78260869565217,
    "accuracy_iter_12": 73.04347826086956,
    "accuracy_iter_13": 80.0,
    "accuracy_iter_14": 77.39130434782608,
    "accuracy_iter_15": 80.0,
    "accuracy_iter_16": 80.8695652173913,
    "accuracy_iter_17": 83.47826086956522,
    "accuracy_iter_18": 80.0,
    "accuracy_iter_19": 80.0,
    "accuracy_iter_2": 70.43478260869566,
    "accuracy_iter_20": 77.39130434782608,
    "accuracy_iter_21": 73.91304347826086,
    "accuracy_iter_22": 77.39130434782608,
    "accuracy_iter_23": 80.8695652173913,
    "accuracy_iter_24": 73.91304347826086,
    "accuracy_iter_25": 71.30434782608695,
    "accuracy_iter_26": 79.13043478260869,
    "accuracy_iter_27": 79.13043478260869,
    "accuracy_iter_28": 77.39130434782608,
    "accuracy_iter_29": 76.52173913043478,
    "accuracy_iter_3": 71.30434782608695,
    "accuracy_iter_30": 75.65217391304347,
    "accuracy_iter_31": 78.26086956521739,
    "accuracy_iter_32": 80.8695652173913,
    "accuracy_iter_33": 83.47826086956522,
    "accuracy_iter_34": 85.21739130434783,
    "accuracy_iter_35": 79.13043478260869,
    "accuracy_iter_36": 86.95652173913044,
    "accuracy_iter_37": 85.21739130434783,
    "accuracy_iter_38": 83.47826086956522,
    "accuracy_iter_39": 82.6086956521739,
    "accuracy_iter_4": 70.43478260869566,
    "accuracy_iter_40": 86.95652173913044,
    "accuracy_iter_41": 86.95652173913044,
    "accuracy_iter_42": 83.47826086956522,
    "accuracy_iter_43": 79.13043478260869,
    "accuracy_iter_44": 83.47826086956522,
    "accuracy_iter_45": 80.8695652173913,
    "accuracy_iter_46": 80.8695652173913,
    "accuracy_iter_47": 80.8695652173913,
    "accuracy_iter_48": 76.52173913043478,
    "accuracy_iter_49": 83.47826086956522,
    "accuracy_iter_5": 70.43478260869566,
    "accuracy_iter_6": 76.52173913043478,
    "accuracy_iter_7": 77.39130434782608,
    "accuracy_iter_8": 79.13043478260869,
    "accuracy_iter_9": 76.52173913043478,
    "alpha": 1.0,
    "batch_size": 10000,
    "beta": 1.0,
    "context_size": 3,
    "cuda": true,
    "dataset": "football",
    "distance_coef": 0.5,
    "em_iter": 10,
    "embedding_optimizer": "exphsgd",
    "epoch": 50,
    "epoch_embedding": 10,
    "epoch_embedding_init": 40,
    "evaluation_unsupervised_poincare": {
        "unsupervised_performances": [
            78.26087188720703,
            80.86956787109375
        ]
    },
    "force_rw": true,
    "gamma": 0.1,
    "id": "football-2D-EM-05",
    "init_alpha": 1.0,
    "init_beta": 1.0,
    "init_lr": 0.002,
    "loss_aggregation": "sum",
    "lr": 0.002,
    "n_gaussian": 12,
    "negative_sampling": 10,
    "precompute_rw": 1,
    "save": true,
    "seed": 220,
    "size": 2,
    "walk_lenght": 20
}