{
    "accuracy": 53.60285194174757,
    "accuracy_kmeans": 51.501820388349515,
    "alpha": 0.1,
    "batch_size": 512,
    "beta": 1.0,
    "context_size": 15,
    "cuda": true,
    "dataset": "dblp",
    "em_iter": 0,
    "embedding_optimizer": "exphsgd",
    "epoch": 1,
    "epoch_embedding": 10,
    "epoch_embedding_init": 500,
    "force_rw": true,
    "gamma": 0.1,
    "id": "dblp-2D-KMEANS-01",
    "init_alpha": 0.1,
    "init_beta": 1.0,
    "init_lr": 10.0,
    "kmeans_from_embeddings": {
        "MAX": 60.520328521728516,
        "MEANS": 54.73491287231445,
        "MIN": 51.50940704345703,
        "RES": [
            51.774879455566406,
            51.524574279785156,
            51.50940704345703,
            51.774879455566406,
            51.774879455566406,
            60.45964813232422,
            51.50940704345703,
            51.50940704345703,
            51.50940704345703,
            60.520328521728516,
            60.520328521728516,
            51.774879455566406,
            60.353458404541016,
            60.45964813232422,
            51.774879455566406,
            51.774879455566406,
            60.353458404541016,
            51.774879455566406,
            51.774879455566406,
            60.270023345947266
        ],
        "STD": 4.281398296356201,
        "STD_KMEANS": [
            [
                3335.416015625,
                4191.54345703125,
                3128.294921875,
                4020.770263671875,
                5536.83203125
            ],
            [
                5553.92626953125,
                3948.40478515625,
                4248.345703125,
                3144.521728515625,
                3309.554931640625
            ],
            [
                3301.40234375,
                3131.911376953125,
                5561.529296875,
                4257.12646484375,
                3951.718994140625
            ],
            [
                4191.54345703125,
                4020.770263671875,
                3335.416015625,
                5536.83203125,
                3128.294921875
            ],
            [
                3128.294921875,
                4191.54345703125,
                3335.416015625,
                5536.83203125,
                4020.770263671875
            ],
            [
                2551.69287109375,
                5063.044921875,
                3344.907958984375,
                2149.94091796875,
                7951.01318359375
            ],
            [
                3301.40234375,
                4255.37451171875,
                3951.718994140625,
                3139.53271484375,
                5555.6591796875
            ],
            [
                3131.911376953125,
                4257.12646484375,
                3301.40234375,
                3951.718994140625,
                5561.529296875
            ],
            [
                4257.12646484375,
                3301.40234375,
                3131.911376953125,
                5561.529296875,
                3951.718994140625
            ],
            [
                7988.69140625,
                2551.69287109375,
                3341.7978515625,
                5022.37744140625,
                2153.10986328125
            ],
            [
                7988.69140625,
                2551.69287109375,
                3341.7978515625,
                5022.37744140625,
                2153.10986328125
            ],
            [
                3335.416015625,
                4191.54345703125,
                3128.294921875,
                5536.83203125,
                4020.770263671875
            ],
            [
                3475.970703125,
                7885.65673828125,
                4965.7900390625,
                2159.70849609375,
                2583.615966796875
            ],
            [
                2149.94091796875,
                3344.907958984375,
                5063.044921875,
                2551.69287109375,
                7951.01318359375
            ],
            [
                4191.54345703125,
                3335.416015625,
                4020.770263671875,
                5536.83203125,
                3128.294921875
            ],
            [
                5536.83203125,
                3128.294921875,
                4020.770263671875,
                3335.416015625,
                4191.54345703125
            ],
            [
                4965.7900390625,
                7885.65673828125,
                2159.70849609375,
                3475.970703125,
                2583.615966796875
            ],
            [
                3128.294921875,
                4191.54345703125,
                4020.770263671875,
                5536.83203125,
                3335.416015625
            ],
            [
                3335.416015625,
                3128.294921875,
                4191.54345703125,
                5536.83203125,
                4020.770263671875
            ],
            [
                3475.970703125,
                2583.615966796875,
                2156.538818359375,
                7829.41455078125,
                5028.29443359375
            ]
        ]
    },
    "lr": 10.0,
    "n_gaussian": 5,
    "negative_sampling": 10,
    "precompute_rw": 1,
    "save": true,
    "seed": 1,
    "size": 2,
    "walk_lenght": 10
}