{
    "accuracy": 80.63561893203884,
    "accuracy_iter_0": 77.70782766990291,
    "accuracy_iter_1": 78.68628640776699,
    "accuracy_iter_2": 79.17172330097088,
    "accuracy_iter_3": 79.44478155339806,
    "accuracy_iter_4": 79.83919902912622,
    "accuracy_iter_5": 79.99089805825243,
    "accuracy_iter_6": 80.18810679611651,
    "accuracy_iter_7": 80.29429611650485,
    "accuracy_iter_8": 80.50667475728154,
    "accuracy_iter_9": 80.63561893203884,
    "alpha": 1.0,
    "batch_size": 40000,
    "beta": 1.0,
    "context_size": 10,
    "cuda": true,
    "dataset": "dblp",
    "dataset_type": "FlatCorpus",
    "distance_coef": 1.0,
    "em_iter": 20,
    "embedding_optimizer": "exphsgd",
    "epoch": 10,
    "epoch_embedding": 10,
    "epoch_embedding_init": 50,
    "force_rw": true,
    "gamma": 5.0,
    "id": "dblp-10D-EM-TEST-18",
    "init_alpha": 1.0,
    "init_beta": 1.0,
    "init_lr": 1.0,
    "loss_aggregation": "mean",
    "lr": 1.0,
    "n_gaussian": 5,
    "negative_sampling": 8,
    "precompute_rw": 4,
    "reset_em": false,
    "save": true,
    "seed": 235,
    "size": 10,
    "supervised_evaluation_em": [
        0.8235963582992554,
        0.8364946842193604,
        0.8190439939498901,
        0.8285280466079712,
        0.8281487226486206
    ],
    "supervised_evaluation_kmeans": [
        0.9036418795585632,
        0.9081942439079285,
        0.9062974452972412,
        0.8987101912498474,
        0.9089529514312744
    ],
    "walk_lenght": 60
}