{
    "accuracy": 57.391304347826086,
    "accuracy_iter_0": 45.21739130434783,
    "accuracy_iter_1": 46.95652173913044,
    "accuracy_iter_10": 57.391304347826086,
    "accuracy_iter_11": 57.391304347826086,
    "accuracy_iter_12": 58.26086956521739,
    "accuracy_iter_13": 58.26086956521739,
    "accuracy_iter_14": 58.26086956521739,
    "accuracy_iter_15": 58.26086956521739,
    "accuracy_iter_16": 58.26086956521739,
    "accuracy_iter_17": 58.26086956521739,
    "accuracy_iter_18": 58.26086956521739,
    "accuracy_iter_19": 58.26086956521739,
    "accuracy_iter_2": 46.08695652173913,
    "accuracy_iter_20": 58.26086956521739,
    "accuracy_iter_21": 58.26086956521739,
    "accuracy_iter_22": 58.26086956521739,
    "accuracy_iter_23": 58.26086956521739,
    "accuracy_iter_24": 58.26086956521739,
    "accuracy_iter_25": 58.26086956521739,
    "accuracy_iter_26": 58.26086956521739,
    "accuracy_iter_27": 58.26086956521739,
    "accuracy_iter_28": 58.26086956521739,
    "accuracy_iter_29": 58.26086956521739,
    "accuracy_iter_3": 46.95652173913044,
    "accuracy_iter_30": 58.26086956521739,
    "accuracy_iter_31": 58.26086956521739,
    "accuracy_iter_32": 58.26086956521739,
    "accuracy_iter_33": 58.26086956521739,
    "accuracy_iter_34": 58.26086956521739,
    "accuracy_iter_35": 58.26086956521739,
    "accuracy_iter_36": 58.26086956521739,
    "accuracy_iter_37": 58.26086956521739,
    "accuracy_iter_38": 58.26086956521739,
    "accuracy_iter_39": 57.391304347826086,
    "accuracy_iter_4": 46.95652173913044,
    "accuracy_iter_40": 57.391304347826086,
    "accuracy_iter_41": 57.391304347826086,
    "accuracy_iter_42": 57.391304347826086,
    "accuracy_iter_43": 57.391304347826086,
    "accuracy_iter_44": 57.391304347826086,
    "accuracy_iter_45": 57.391304347826086,
    "accuracy_iter_46": 57.391304347826086,
    "accuracy_iter_47": 57.391304347826086,
    "accuracy_iter_48": 57.391304347826086,
    "accuracy_iter_49": 57.391304347826086,
    "accuracy_iter_5": 50.43478260869565,
    "accuracy_iter_6": 49.56521739130435,
    "accuracy_iter_7": 52.17391304347826,
    "accuracy_iter_8": 55.65217391304348,
    "accuracy_iter_9": 57.391304347826086,
    "alpha": 0.1,
    "batch_size": 100000,
    "beta": 2.0,
    "context_size": 3,
    "cuda": true,
    "dataset": "football",
    "em_iter": 4,
    "embedding_optimizer": "exphsgd",
    "epoch": 50,
    "epoch_embedding": 20,
    "epoch_embedding_init": 150,
    "force_rw": true,
    "gamma": 0.1,
    "id": "football-2D-EM-01",
    "init_alpha": 0.1,
    "init_beta": 2.0,
    "init_lr": 0.001,
    "loss_aggregation": "sum",
    "lr": 0.001,
    "n_gaussian": 12,
    "negative_sampling": 10,
    "precompute_rw": 1,
    "save": true,
    "seed": 164,
    "size": 2,
    "walk_lenght": 20
}