{
    "accuracy": 94.11764705882352,
    "accuracy_kmeans": 94.11764705882352,
    "alpha": 0.1,
    "batch_size": 512,
    "beta": 1.0,
    "context_size": 5,
    "cuda": true,
    "dataset": "karate",
    "em_iter": 0,
    "embedding_optimizer": "exphsgd",
    "epoch": 1,
    "epoch_embedding": 10,
    "epoch_embedding_init": 50,
    "gamma": 5.0,
    "id": "karate-5D-KMEANS-1",
    "init_alpha": -1.0,
    "init_beta": -1.0,
    "init_lr": -1.0,
    "kmeans_from_embeddings": {
        "MAX": 94.11764526367188,
        "MEANS": 87.35294342041016,
        "MIN": 70.5882339477539,
        "RES": [
            94.11764526367188,
            94.11764526367188,
            73.52941131591797,
            70.5882339477539,
            70.5882339477539,
            94.11764526367188,
            94.11764526367188,
            94.11764526367188,
            94.11764526367188,
            94.11764526367188
        ],
        "STD": 10.921586036682129,
        "STD_KMEANS": [
            [
                0.197661891579628,
                0.12943391501903534
            ],
            [
                0.12943391501903534,
                0.197661891579628
            ],
            [
                0.174250528216362,
                0.1947963684797287
            ],
            [
                0.1743101328611374,
                0.16570310294628143
            ],
            [
                0.1743101328611374,
                0.16570310294628143
            ],
            [
                0.197661891579628,
                0.12943391501903534
            ],
            [
                0.12943391501903534,
                0.197661891579628
            ],
            [
                0.12943391501903534,
                0.197661891579628
            ],
            [
                0.197661891579628,
                0.12943391501903534
            ],
            [
                0.12943391501903534,
                0.197661891579628
            ]
        ]
    },
    "lr": 2.0,
    "n_gaussian": 2,
    "negative_sampling": 5,
    "precompute_rw": 5,
    "save": true,
    "size": 5,
    "walk_lenght": 20
}