{
    "accuracy": 74.78260869565217,
    "accuracy_iter_0": 75.65217391304347,
    "accuracy_iter_1": 75.65217391304347,
    "accuracy_iter_10": 74.78260869565217,
    "accuracy_iter_11": 74.78260869565217,
    "accuracy_iter_12": 74.78260869565217,
    "accuracy_iter_13": 74.78260869565217,
    "accuracy_iter_14": 74.78260869565217,
    "accuracy_iter_15": 74.78260869565217,
    "accuracy_iter_16": 74.78260869565217,
    "accuracy_iter_17": 74.78260869565217,
    "accuracy_iter_18": 74.78260869565217,
    "accuracy_iter_19": 74.78260869565217,
    "accuracy_iter_2": 75.65217391304347,
    "accuracy_iter_20": 74.78260869565217,
    "accuracy_iter_21": 74.78260869565217,
    "accuracy_iter_22": 74.78260869565217,
    "accuracy_iter_23": 74.78260869565217,
    "accuracy_iter_24": 74.78260869565217,
    "accuracy_iter_25": 74.78260869565217,
    "accuracy_iter_26": 74.78260869565217,
    "accuracy_iter_27": 74.78260869565217,
    "accuracy_iter_28": 74.78260869565217,
    "accuracy_iter_29": 74.78260869565217,
    "accuracy_iter_3": 75.65217391304347,
    "accuracy_iter_30": 74.78260869565217,
    "accuracy_iter_31": 74.78260869565217,
    "accuracy_iter_32": 74.78260869565217,
    "accuracy_iter_33": 74.78260869565217,
    "accuracy_iter_34": 74.78260869565217,
    "accuracy_iter_35": 74.78260869565217,
    "accuracy_iter_36": 74.78260869565217,
    "accuracy_iter_37": 74.78260869565217,
    "accuracy_iter_38": 74.78260869565217,
    "accuracy_iter_39": 74.78260869565217,
    "accuracy_iter_4": 74.78260869565217,
    "accuracy_iter_40": 74.78260869565217,
    "accuracy_iter_41": 74.78260869565217,
    "accuracy_iter_42": 74.78260869565217,
    "accuracy_iter_43": 74.78260869565217,
    "accuracy_iter_44": 74.78260869565217,
    "accuracy_iter_45": 74.78260869565217,
    "accuracy_iter_46": 74.78260869565217,
    "accuracy_iter_47": 74.78260869565217,
    "accuracy_iter_48": 74.78260869565217,
    "accuracy_iter_49": 74.78260869565217,
    "accuracy_iter_5": 74.78260869565217,
    "accuracy_iter_6": 74.78260869565217,
    "accuracy_iter_7": 74.78260869565217,
    "accuracy_iter_8": 74.78260869565217,
    "accuracy_iter_9": 74.78260869565217,
    "alpha": 0.1,
    "batch_size": 100000,
    "beta": 2.0,
    "context_size": 5,
    "cuda": true,
    "dataset": "football",
    "em_iter": 4,
    "embedding_optimizer": "exphsgd",
    "epoch": 50,
    "epoch_embedding": 20,
    "epoch_embedding_init": 150,
    "force_rw": true,
    "gamma": 0.1,
    "id": "football-2D-EM-02",
    "init_alpha": 0.1,
    "init_beta": 2.0,
    "init_lr": 0.0002,
    "loss_aggregation": "sum",
    "lr": 0.0002,
    "n_gaussian": 12,
    "negative_sampling": 10,
    "precompute_rw": 1,
    "save": true,
    "seed": 177,
    "size": 2,
    "walk_lenght": 20
}
