{
    "accuracy": 74.28571428571429,
    "accuracy_kmeans": 75.23809523809524,
    "alpha": 0.01,
    "batch_size": 512,
    "beta": 1.0,
    "context_size": 4,
    "cuda": true,
    "dataset": "books",
    "em_iter": 0,
    "embedding_optimizer": "exphsgd",
    "epoch": 1,
    "epoch_embedding": 10,
    "epoch_embedding_init": 500,
    "force_rw": true,
    "gamma": 0.1,
    "id": "BOOKS-10D-KMEANS-2",
    "init_alpha": 0.01,
    "init_beta": 1.0,
    "init_lr": 2.0,
    "kmeans_from_embeddings": {
        "MAX": 83.80952453613281,
        "MEANS": 78.85713195800781,
        "MIN": 75.23809814453125,
        "RES": [
            83.80952453613281,
            79.04762268066406,
            80.0,
            78.0952377319336,
            75.23809814453125,
            80.95237731933594,
            78.0952377319336,
            78.0952377319336,
            75.23809814453125,
            78.0952377319336,
            80.95237731933594,
            80.0,
            75.23809814453125,
            78.0952377319336,
            77.14286041259766,
            78.0952377319336,
            83.80952453613281,
            83.80952453613281,
            78.0952377319336,
            78.0952377319336,
            78.0952377319336,
            78.0952377319336,
            82.85713958740234,
            77.14286041259766,
            75.23809814453125,
            79.04762268066406,
            79.04762268066406,
            79.04762268066406,
            78.0952377319336,
            78.0952377319336,
            78.0952377319336,
            82.85713958740234,
            78.0952377319336,
            78.0952377319336,
            80.95237731933594,
            80.0,
            80.0,
            75.23809814453125,
            80.95237731933594,
            75.23809814453125
        ],
        "STD": 2.3841235637664795,
        "STD_KMEANS": [
            [
                61.01625442504883,
                7.805325508117676,
                42.7341194152832
            ],
            [
                40.989830017089844,
                31.192432403564453,
                38.29304122924805
            ],
            [
                40.989830017089844,
                36.52275085449219,
                32.93558883666992
            ],
            [
                35.925846099853516,
                40.989830017089844,
                33.62580108642578
            ],
            [
                36.260433197021484,
                27.274185180664062,
                48.98495864868164
            ],
            [
                47.11775588989258,
                35.68815231323242,
                28.206560134887695
            ],
            [
                35.925846099853516,
                33.62580108642578,
                40.989830017089844
            ],
            [
                35.925846099853516,
                33.62580108642578,
                40.989830017089844
            ],
            [
                50.8042106628418,
                25.424667358398438,
                36.260433197021484
            ],
            [
                40.989830017089844,
                35.925846099853516,
                33.62580108642578
            ],
            [
                47.11775588989258,
                35.68815231323242,
                28.206560134887695
            ],
            [
                32.93558883666992,
                36.52275085449219,
                40.989830017089844
            ],
            [
                36.260433197021484,
                27.274185180664062,
                48.98495864868164
            ],
            [
                33.62580108642578,
                40.989830017089844,
                35.925846099853516
            ],
            [
                37.28533172607422,
                33.62580108642578,
                39.67388153076172
            ],
            [
                35.925846099853516,
                33.62580108642578,
                40.989830017089844
            ],
            [
                42.7341194152832,
                64.52507019042969,
                4.588502883911133
            ],
            [
                46.42586898803711,
                57.38190841674805,
                7.805325508117676
            ],
            [
                33.62580108642578,
                40.989830017089844,
                35.925846099853516
            ],
            [
                35.925846099853516,
                40.989830017089844,
                33.62580108642578
            ],
            [
                35.925846099853516,
                40.989830017089844,
                33.62580108642578
            ],
            [
                35.925846099853516,
                40.989830017089844,
                33.62580108642578
            ],
            [
                20.99884796142578,
                49.57257080078125,
                40.74294662475586
            ],
            [
                39.67388153076172,
                37.28533172607422,
                33.62580108642578
            ],
            [
                36.260433197021484,
                27.274185180664062,
                48.98495864868164
            ],
            [
                34.927154541015625,
                40.989830017089844,
                34.5592041015625
            ],
            [
                29.686269760131836,
                38.29304122924805,
                42.550498962402344
            ],
            [
                34.927154541015625,
                34.5592041015625,
                40.989830017089844
            ],
            [
                33.62580108642578,
                40.989830017089844,
                35.925846099853516
            ],
            [
                40.989830017089844,
                33.62580108642578,
                35.925846099853516
            ],
            [
                33.62580108642578,
                40.989830017089844,
                35.925846099853516
            ],
            [
                54.61932373046875,
                42.7341194152832,
                14.278803825378418
            ],
            [
                35.925846099853516,
                40.989830017089844,
                33.62580108642578
            ],
            [
                35.925846099853516,
                40.989830017089844,
                33.62580108642578
            ],
            [
                15.903715133666992,
                61.558311462402344,
                42.929107666015625
            ],
            [
                42.96199417114258,
                37.83584976196289,
                29.742769241333008
            ],
            [
                36.52275085449219,
                32.93558883666992,
                40.989830017089844
            ],
            [
                27.274185180664062,
                48.98495864868164,
                36.260433197021484
            ],
            [
                42.96199417114258,
                40.74294662475586,
                26.826255798339844
            ],
            [
                48.622371673583984,
                26.255634307861328,
                37.49925994873047
            ]
        ]
    },
    "lr": 2.0,
    "n_gaussian": 3,
    "negative_sampling": 10,
    "precompute_rw": 5,
    "save": true,
    "seed": 42,
    "size": 10,
    "walk_lenght": 20
}