{
    "accuracy": 97.05882352941177,
    "accuracy_kmeans": 97.05882352941177,
    "alpha": 0.1,
    "batch_size": 512,
    "beta": 1.0,
    "context_size": 5,
    "cuda": true,
    "dataset": "karate",
    "em_iter": 0,
    "embedding_optimizer": "exphsgd",
    "epoch": 1,
    "epoch_embedding": 10,
    "epoch_embedding_init": 50,
    "gamma": 5.0,
    "id": "karate-2D-KMEANS-2",
    "init_alpha": -1.0,
    "init_beta": -1.0,
    "init_lr": -1.0,
    "kmeans_from_embeddings": {
        "MAX": 97.05882263183594,
        "MEANS": 96.47059631347656,
        "MIN": 94.11764526367188,
        "RES": [
            94.11764526367188,
            94.11764526367188,
            97.05882263183594,
            97.05882263183594,
            97.05882263183594,
            97.05882263183594,
            97.05882263183594,
            97.05882263183594,
            97.05882263183594,
            97.05882263183594
        ],
        "STD": 1.2401092052459717,
        "STD_KMEANS": [
            [
                0.26202988624572754,
                0.3376719355583191
            ],
            [
                0.26202988624572754,
                0.3376719355583191
            ],
            [
                0.29547786712646484,
                0.3403763473033905
            ],
            [
                0.29547786712646484,
                0.3403763473033905
            ],
            [
                0.3403763473033905,
                0.29547786712646484
            ],
            [
                0.3403763473033905,
                0.29547786712646484
            ],
            [
                0.29547786712646484,
                0.3403763473033905
            ],
            [
                0.29547786712646484,
                0.3403763473033905
            ],
            [
                0.3403763473033905,
                0.29547786712646484
            ],
            [
                0.3403763473033905,
                0.29547786712646484
            ]
        ]
    },
    "lr": 2.0,
    "n_gaussian": 2,
    "negative_sampling": 5,
    "precompute_rw": 5,
    "save": true,
    "size": 2,
    "walk_lenght": 20
}