{
    "accuracy": 94.11764705882352,
    "accuracy_kmeans": 97.05882352941177,
    "alpha": 0.1,
    "batch_size": 512,
    "beta": 1.0,
    "context_size": 5,
    "cuda": true,
    "dataset": "karate",
    "em_iter": 0,
    "embedding_optimizer": "exphsgd",
    "epoch": 1,
    "epoch_embedding": 10,
    "epoch_embedding_init": 500,
    "gamma": 5.0,
    "id": "karate-2D-KMEANS-2",
    "init_alpha": -1.0,
    "init_beta": -1.0,
    "init_lr": -1.0,
    "kmeans_from_embeddings": {
        "MAX": 97.05882263183594,
        "MEANS": 96.17647552490234,
        "MIN": 94.11764526367188,
        "RES": [
            97.05882263183594,
            94.11764526367188,
            97.05882263183594,
            97.05882263183594,
            97.05882263183594,
            97.05882263183594,
            97.05882263183594,
            94.11764526367188,
            94.11764526367188,
            97.05882263183594
        ],
        "STD": 1.4207236766815186,
        "STD_KMEANS": [
            [
                13.651982307434082,
                15.88955020904541
            ],
            [
                16.795320510864258,
                12.60924243927002
            ],
            [
                15.88955020904541,
                13.651982307434082
            ],
            [
                15.88955020904541,
                13.651982307434082
            ],
            [
                15.88955020904541,
                13.651982307434082
            ],
            [
                13.651982307434082,
                15.88955020904541
            ],
            [
                15.88955020904541,
                13.651982307434082
            ],
            [
                16.795320510864258,
                12.60924243927002
            ],
            [
                12.60924243927002,
                16.795320510864258
            ],
            [
                15.88955020904541,
                13.651982307434082
            ]
        ]
    },
    "lr": 2.0,
    "n_gaussian": 2,
    "negative_sampling": 5,
    "precompute_rw": 5,
    "save": true,
    "seed": 42,
    "size": 2,
    "walk_lenght": 20
}