{
    "accuracy": 97.05882352941177,
    "accuracy_kmeans": 91.17647058823529,
    "alpha": 0.1,
    "batch_size": 512,
    "beta": 1.0,
    "context_size": 5,
    "cuda": true,
    "dataset": "karate",
    "em_iter": 0,
    "embedding_optimizer": "exphsgd",
    "epoch": 1,
    "epoch_embedding": 10,
    "epoch_embedding_init": 500,
    "gamma": 5.0,
    "id": "karate-2D-KMEANS-2",
    "init_alpha": -1.0,
    "init_beta": -1.0,
    "init_lr": -1.0,
    "kmeans_from_embeddings": {
        "MAX": 94.11764526367188,
        "MEANS": 93.23527526855469,
        "MIN": 91.17646789550781,
        "RES": [
            94.11764526367188,
            94.11764526367188,
            91.17646789550781,
            94.11764526367188,
            94.11764526367188,
            94.11764526367188,
            91.17646789550781,
            94.11764526367188,
            91.17646789550781,
            94.11764526367188
        ],
        "STD": 1.4207236766815186
    },
    "lr": 2.0,
    "n_gaussian": 2,
    "negative_sampling": 5,
    "precompute_rw": 5,
    "save": true,
    "size": 2,
    "walk_lenght": 20
}