{
    "accuracy": 79.04761904761905,
    "accuracy_kmeans": 75.23809523809524,
    "alpha": 0.01,
    "batch_size": 512,
    "beta": 1.0,
    "context_size": 4,
    "cuda": true,
    "dataset": "books",
    "em_iter": 0,
    "embedding_optimizer": "exphsgd",
    "epoch": 1,
    "epoch_embedding": 10,
    "epoch_embedding_init": 500,
    "force_rw": true,
    "gamma": 0.1,
    "id": "BOOKS-3D-KMEANS-1",
    "init_alpha": 0.01,
    "init_beta": 1.0,
    "init_lr": 2.0,
    "kmeans_from_embeddings": {
        "MAX": 82.85713958740234,
        "MEANS": 78.40475463867188,
        "MIN": 74.28571319580078,
        "RES": [
            76.19047546386719,
            75.23809814453125,
            76.19047546386719,
            80.0,
            80.0,
            80.0,
            76.19047546386719,
            76.19047546386719,
            80.0,
            78.0952377319336,
            80.0,
            80.0,
            80.0,
            79.04762268066406,
            78.0952377319336,
            80.0,
            80.0,
            82.85713958740234,
            76.19047546386719,
            79.04762268066406,
            80.0,
            76.19047546386719,
            76.19047546386719,
            77.14286041259766,
            76.19047546386719,
            80.0,
            76.19047546386719,
            80.0,
            79.04762268066406,
            76.19047546386719,
            80.0,
            80.0,
            76.19047546386719,
            80.0,
            79.04762268066406,
            80.0,
            79.04762268066406,
            74.28571319580078,
            77.14286041259766,
            80.0
        ],
        "STD": 1.957600474357605,
        "STD_KMEANS": [
            [
                28.18292999267578,
                36.70732498168945,
                45.1698112487793
            ],
            [
                42.97230911254883,
                33.587345123291016,
                33.35747528076172
            ],
            [
                39.14509963989258,
                39.242557525634766,
                30.82315444946289
            ],
            [
                44.51343536376953,
                25.293237686157227,
                39.14509963989258
            ],
            [
                25.293237686157227,
                44.51343536376953,
                39.14509963989258
            ],
            [
                39.14509963989258,
                44.51343536376953,
                25.293237686157227
            ],
            [
                36.70732498168945,
                28.18292999267578,
                45.1698112487793
            ],
            [
                45.1698112487793,
                36.70732498168945,
                28.18292999267578
            ],
            [
                44.51343536376953,
                39.14509963989258,
                25.293237686157227
            ],
            [
                41.63568115234375,
                32.088314056396484,
                35.90891647338867
            ],
            [
                25.293237686157227,
                44.51343536376953,
                39.14509963989258
            ],
            [
                39.14509963989258,
                44.51343536376953,
                25.293237686157227
            ],
            [
                25.293237686157227,
                44.51343536376953,
                39.14509963989258
            ],
            [
                42.745567321777344,
                30.98861312866211,
                35.90891647338867
            ],
            [
                41.63568115234375,
                35.90891647338867,
                32.088314056396484
            ],
            [
                39.14509963989258,
                44.51343536376953,
                25.293237686157227
            ],
            [
                25.293237686157227,
                44.51343536376953,
                39.14509963989258
            ],
            [
                44.51343536376953,
                44.096107482910156,
                20.57321548461914
            ],
            [
                39.14509963989258,
                39.242557525634766,
                30.82315444946289
            ],
            [
                26.583698272705078,
                39.14509963989258,
                43.244224548339844
            ],
            [
                25.293237686157227,
                44.51343536376953,
                39.14509963989258
            ],
            [
                28.18292999267578,
                36.70732498168945,
                45.1698112487793
            ],
            [
                39.14509963989258,
                39.242557525634766,
                30.82315444946289
            ],
            [
                43.73463821411133,
                31.111989974975586,
                35.107364654541016
            ],
            [
                36.70732498168945,
                28.18292999267578,
                45.1698112487793
            ],
            [
                44.51343536376953,
                25.293237686157227,
                39.14509963989258
            ],
            [
                45.1698112487793,
                28.18292999267578,
                36.70732498168945
            ],
            [
                44.51343536376953,
                25.293237686157227,
                39.14509963989258
            ],
            [
                35.90891647338867,
                42.745567321777344,
                30.98861312866211
            ],
            [
                28.18292999267578,
                36.70732498168945,
                45.1698112487793
            ],
            [
                44.51343536376953,
                25.293237686157227,
                39.14509963989258
            ],
            [
                25.293237686157227,
                39.14509963989258,
                44.51343536376953
            ],
            [
                28.18292999267578,
                45.1698112487793,
                36.70732498168945
            ],
            [
                39.14509963989258,
                44.51343536376953,
                25.293237686157227
            ],
            [
                30.98861312866211,
                42.745567321777344,
                35.90891647338867
            ],
            [
                44.51343536376953,
                39.14509963989258,
                25.293237686157227
            ],
            [
                35.90891647338867,
                42.745567321777344,
                30.98861312866211
            ],
            [
                54.2254753112793,
                52.62314224243164,
                28.502269744873047
            ],
            [
                43.667144775390625,
                35.193206787109375,
                31.111989974975586
            ],
            [
                39.14509963989258,
                44.51343536376953,
                25.293237686157227
            ]
        ]
    },
    "lr": 2.0,
    "n_gaussian": 3,
    "negative_sampling": 10,
    "precompute_rw": 5,
    "save": true,
    "seed": 42,
    "size": 3,
    "walk_lenght": 20
}