{
    "accuracy": 79.04761904761905,
    "accuracy_kmeans": 75.23809523809524,
    "alpha": 0.01,
    "batch_size": 512,
    "beta": 1.0,
    "context_size": 4,
    "cuda": true,
    "dataset": "books",
    "em_iter": 0,
    "embedding_optimizer": "exphsgd",
    "epoch": 1,
    "epoch_embedding": 10,
    "epoch_embedding_init": 500,
    "force_rw": true,
    "gamma": 0.1,
    "id": "BOOKS-3D-KMEANS-1",
    "init_alpha": 0.01,
    "init_beta": 1.0,
    "init_lr": 2.0,
    "kmeans_from_embeddings": {
        "MAX": 82.85713958740234,
        "MEANS": 77.92857360839844,
        "MIN": 70.47618865966797,
        "RES": [
            80.0,
            80.0,
            76.19047546386719,
            75.23809814453125,
            79.04762268066406,
            79.04762268066406,
            75.23809814453125,
            79.04762268066406,
            79.04762268066406,
            80.0,
            82.85713958740234,
            80.0,
            79.04762268066406,
            76.19047546386719,
            80.0,
            76.19047546386719,
            76.19047546386719,
            76.19047546386719,
            80.0,
            80.0,
            80.0,
            77.14286041259766,
            79.04762268066406,
            75.23809814453125,
            70.47618865966797,
            75.23809814453125,
            80.0,
            76.19047546386719,
            79.04762268066406,
            76.19047546386719,
            79.04762268066406,
            80.0,
            76.19047546386719,
            80.0,
            76.19047546386719,
            76.19047546386719,
            79.04762268066406,
            75.23809814453125,
            79.04762268066406,
            78.0952377319336
        ],
        "STD": 2.3016085624694824,
        "STD_KMEANS": [
            [
                25.336999893188477,
                44.587928771972656,
                39.21247863769531
            ],
            [
                44.587928771972656,
                39.21247863769531,
                25.336999893188477
            ],
            [
                45.16724395751953,
                28.245319366455078,
                36.77259063720703
            ],
            [
                35.25717544555664,
                28.245319366455078,
                46.78523635864258
            ],
            [
                39.21247863769531,
                43.31663513183594,
                26.619503021240234
            ],
            [
                39.21247863769531,
                26.619503021240234,
                43.31663513183594
            ],
            [
                35.25717544555664,
                28.245319366455078,
                46.78523635864258
            ],
            [
                43.31663513183594,
                39.21247863769531,
                26.619503021240234
            ],
            [
                43.31663513183594,
                26.619503021240234,
                39.21247863769531
            ],
            [
                44.587928771972656,
                25.336999893188477,
                39.21247863769531
            ],
            [
                44.171016693115234,
                44.587928771972656,
                20.606460571289062
            ],
            [
                25.336999893188477,
                39.21247863769531,
                44.587928771972656
            ],
            [
                42.81734848022461,
                35.972412109375,
                31.037954330444336
            ],
            [
                36.77259063720703,
                45.16724395751953,
                28.245319366455078
            ],
            [
                44.587928771972656,
                39.21247863769531,
                25.336999893188477
            ],
            [
                36.77259063720703,
                28.245319366455078,
                45.16724395751953
            ],
            [
                36.77259063720703,
                45.16724395751953,
                28.245319366455078
            ],
            [
                45.16724395751953,
                28.245319366455078,
                36.77259063720703
            ],
            [
                25.336999893188477,
                39.21247863769531,
                44.587928771972656
            ],
            [
                39.21247863769531,
                25.336999893188477,
                44.587928771972656
            ],
            [
                39.21247863769531,
                25.336999893188477,
                44.587928771972656
            ],
            [
                39.30888748168945,
                35.17090606689453,
                35.015384674072266
            ],
            [
                26.619503021240234,
                43.31663513183594,
                39.21247863769531
            ],
            [
                46.78523635864258,
                28.245319366455078,
                35.25717544555664
            ],
            [
                19.678544998168945,
                72.48579406738281,
                42.65250015258789
            ],
            [
                35.25717544555664,
                28.245319366455078,
                46.78523635864258
            ],
            [
                25.336999893188477,
                39.21247863769531,
                44.587928771972656
            ],
            [
                36.77259063720703,
                45.16724395751953,
                28.245319366455078
            ],
            [
                39.21247863769531,
                43.31663513183594,
                26.619503021240234
            ],
            [
                36.77259063720703,
                28.245319366455078,
                45.16724395751953
            ],
            [
                26.619503021240234,
                43.31663513183594,
                39.21247863769531
            ],
            [
                44.587928771972656,
                39.21247863769531,
                25.336999893188477
            ],
            [
                35.25717544555664,
                41.35748291015625,
                33.41910934448242
            ],
            [
                39.21247863769531,
                44.587928771972656,
                25.336999893188477
            ],
            [
                45.16724395751953,
                36.77259063720703,
                28.245319366455078
            ],
            [
                30.874191284179688,
                39.21247863769531,
                39.30888748168945
            ],
            [
                42.81734848022461,
                35.972412109375,
                31.037954330444336
            ],
            [
                47.18347930908203,
                29.500707626342773,
                33.64962387084961
            ],
            [
                39.21247863769531,
                43.31663513183594,
                26.619503021240234
            ],
            [
                32.139923095703125,
                41.70707321166992,
                35.972412109375
            ]
        ]
    },
    "lr": 2.0,
    "n_gaussian": 3,
    "negative_sampling": 10,
    "precompute_rw": 5,
    "save": true,
    "seed": 42,
    "size": 3,
    "walk_lenght": 20
}