{
    "accuracy": 74.28571428571429,
    "accuracy_kmeans": 75.23809523809524,
    "alpha": 0.01,
    "batch_size": 512,
    "beta": 1.0,
    "context_size": 4,
    "cuda": true,
    "dataset": "books",
    "em_iter": 0,
    "embedding_optimizer": "exphsgd",
    "epoch": 1,
    "epoch_embedding": 10,
    "epoch_embedding_init": 500,
    "force_rw": true,
    "gamma": 0.1,
    "id": "BOOKS-10D-KMEANS-1",
    "init_alpha": 0.01,
    "init_beta": 1.0,
    "init_lr": 2.0,
    "kmeans_from_embeddings": {
        "MAX": 84.76190185546875,
        "MEANS": 79.11904907226562,
        "MIN": 68.57142639160156,
        "RES": [
            77.14286041259766,
            75.23809814453125,
            78.0952377319336,
            78.0952377319336,
            75.23809814453125,
            83.80952453613281,
            78.0952377319336,
            78.0952377319336,
            84.76190185546875,
            78.0952377319336,
            80.0,
            80.95237731933594,
            79.04762268066406,
            78.0952377319336,
            75.23809814453125,
            78.0952377319336,
            82.85713958740234,
            78.0952377319336,
            84.76190185546875,
            84.76190185546875,
            78.0952377319336,
            77.14286041259766,
            79.04762268066406,
            79.04762268066406,
            78.0952377319336,
            82.85713958740234,
            78.0952377319336,
            82.85713958740234,
            84.76190185546875,
            75.23809814453125,
            68.57142639160156,
            75.23809814453125,
            83.80952453613281,
            83.80952453613281,
            78.0952377319336,
            75.23809814453125,
            79.04762268066406,
            83.80952453613281,
            75.23809814453125,
            78.0952377319336
        ],
        "STD": 3.5790302753448486,
        "STD_KMEANS": [
            [
                37.28533172607422,
                39.67388153076172,
                33.62580108642578
            ],
            [
                50.8042106628418,
                36.260433197021484,
                25.424667358398438
            ],
            [
                35.925846099853516,
                33.62580108642578,
                40.989830017089844
            ],
            [
                33.62580108642578,
                40.989830017089844,
                35.925846099853516
            ],
            [
                50.8042106628418,
                36.260433197021484,
                25.424667358398438
            ],
            [
                57.38190841674805,
                7.805325508117676,
                46.42586898803711
            ],
            [
                33.62580108642578,
                35.925846099853516,
                40.989830017089844
            ],
            [
                35.925846099853516,
                33.62580108642578,
                40.989830017089844
            ],
            [
                62.57374572753906,
                41.18254470825195,
                7.805325508117676
            ],
            [
                33.62580108642578,
                40.989830017089844,
                35.925846099853516
            ],
            [
                29.742769241333008,
                41.08566665649414,
                39.67388153076172
            ],
            [
                42.96199417114258,
                40.74294662475586,
                26.826255798339844
            ],
            [
                34.927154541015625,
                40.989830017089844,
                34.5592041015625
            ],
            [
                35.925846099853516,
                33.62580108642578,
                40.989830017089844
            ],
            [
                36.260433197021484,
                27.274185180664062,
                48.98495864868164
            ],
            [
                32.57081604003906,
                37.83584976196289,
                40.20258331298828
            ],
            [
                54.61932373046875,
                42.7341194152832,
                14.278803825378418
            ],
            [
                40.989830017089844,
                33.62580108642578,
                35.925846099853516
            ],
            [
                62.57374572753906,
                41.18254470825195,
                7.805325508117676
            ],
            [
                66.04415893554688,
                41.18254470825195,
                4.588502883911133
            ],
            [
                35.925846099853516,
                40.989830017089844,
                33.62580108642578
            ],
            [
                37.28533172607422,
                33.62580108642578,
                39.67388153076172
            ],
            [
                38.29304122924805,
                31.192432403564453,
                40.989830017089844
            ],
            [
                34.5592041015625,
                40.989830017089844,
                34.927154541015625
            ],
            [
                33.62580108642578,
                40.989830017089844,
                35.925846099853516
            ],
            [
                42.550498962402344,
                47.74028015136719,
                20.99884796142578
            ],
            [
                35.925846099853516,
                33.62580108642578,
                40.989830017089844
            ],
            [
                42.550498962402344,
                20.99884796142578,
                47.74028015136719
            ],
            [
                41.18254470825195,
                66.04415893554688,
                4.588502883911133
            ],
            [
                50.8042106628418,
                25.424667358398438,
                36.260433197021484
            ],
            [
                20.342674255371094,
                33.657257080078125,
                69.73900604248047
            ],
            [
                50.8042106628418,
                36.260433197021484,
                25.424667358398438
            ],
            [
                57.38190841674805,
                7.805325508117676,
                46.42586898803711
            ],
            [
                59.251949310302734,
                7.805325508117676,
                44.5398063659668
            ],
            [
                33.62580108642578,
                40.989830017089844,
                35.925846099853516
            ],
            [
                28.11040687561035,
                46.80653381347656,
                37.49925994873047
            ],
            [
                40.989830017089844,
                34.927154541015625,
                34.5592041015625
            ],
            [
                57.38190841674805,
                7.805325508117676,
                46.42586898803711
            ],
            [
                27.274185180664062,
                48.98495864868164,
                36.260433197021484
            ],
            [
                33.62580108642578,
                40.989830017089844,
                35.925846099853516
            ]
        ]
    },
    "lr": 2.0,
    "n_gaussian": 3,
    "negative_sampling": 10,
    "precompute_rw": 5,
    "save": true,
    "seed": 42,
    "size": 10,
    "walk_lenght": 20
}