{
    "accuracy": 67.46055825242718,
    "accuracy_kmeans": 53.77730582524271,
    "alpha": 0.1,
    "batch_size": 512,
    "beta": 1.0,
    "context_size": 15,
    "cuda": true,
    "dataset": "dblp",
    "em_iter": 0,
    "embedding_optimizer": "exphsgd",
    "epoch": 1,
    "epoch_embedding": 10,
    "epoch_embedding_init": 500,
    "force_rw": true,
    "gamma": 0.1,
    "id": "dblp-big-2D-KMEANS-01",
    "init_alpha": 0.1,
    "init_beta": 1.0,
    "init_lr": 10.0,
    "kmeans_from_embeddings": {
        "MAX": 66.86134338378906,
        "MEANS": 54.48042678833008,
        "MIN": 53.76972198486328,
        "RES": [
            66.86134338378906,
            53.76972198486328,
            53.85315704345703,
            53.860740661621094,
            53.860740661621094,
            53.860740661621094,
            53.85315704345703,
            53.76972198486328,
            53.76972198486328,
            53.76972198486328,
            53.860740661621094,
            53.83040237426758,
            53.860740661621094,
            53.860740661621094,
            53.85315704345703,
            53.76972198486328,
            53.860740661621094,
            53.76972198486328,
            53.860740661621094,
            53.85315704345703
        ],
        "STD": 2.9144484996795654,
        "STD_KMEANS": [
            [
                8784.4794921875,
                1994.788818359375,
                4517.873046875,
                2750.2080078125,
                2424.771484375
            ],
            [
                2911.819580078125,
                4274.26416015625,
                4942.1953125,
                3455.266357421875,
                3384.32421875
            ],
            [
                3417.16015625,
                4964.109375,
                3407.055908203125,
                4245.68896484375,
                2933.631591796875
            ],
            [
                3417.16015625,
                4971.10546875,
                2933.631591796875,
                3407.055908203125,
                4239.884765625
            ],
            [
                4239.884765625,
                4971.10546875,
                2933.631591796875,
                3407.055908203125,
                3417.16015625
            ],
            [
                2933.631591796875,
                4239.884765625,
                4971.10546875,
                3417.16015625,
                3407.055908203125
            ],
            [
                3407.055908203125,
                3417.16015625,
                4964.109375,
                2933.631591796875,
                4245.68896484375
            ],
            [
                4274.26416015625,
                4942.1953125,
                2911.819580078125,
                3384.32421875,
                3455.266357421875
            ],
            [
                2911.819580078125,
                4274.26416015625,
                3384.32421875,
                4942.1953125,
                3455.266357421875
            ],
            [
                4286.61279296875,
                3384.32421875,
                4961.97314453125,
                2911.819580078125,
                3420.386474609375
            ],
            [
                2933.631591796875,
                3417.16015625,
                4239.884765625,
                3407.055908203125,
                4971.10546875
            ],
            [
                2929.915771484375,
                3455.266357421875,
                3403.364501953125,
                4943.625,
                4236.8994140625
            ],
            [
                2933.631591796875,
                3407.055908203125,
                4239.884765625,
                3430.30615234375,
                4957.67138671875
            ],
            [
                3417.16015625,
                2933.631591796875,
                4239.884765625,
                4971.10546875,
                3407.055908203125
            ],
            [
                4965.712890625,
                3417.16015625,
                2933.631591796875,
                4244.3720703125,
                3407.055908203125
            ],
            [
                2911.819580078125,
                4942.1953125,
                4274.26416015625,
                3384.32421875,
                3455.266357421875
            ],
            [
                4239.884765625,
                2933.631591796875,
                4971.10546875,
                3417.16015625,
                3407.055908203125
            ],
            [
                3420.386474609375,
                2911.819580078125,
                3384.32421875,
                4961.97314453125,
                4286.61279296875
            ],
            [
                2933.631591796875,
                3407.055908203125,
                3417.16015625,
                4239.884765625,
                4971.10546875
            ],
            [
                4245.68896484375,
                3417.16015625,
                2933.631591796875,
                3407.055908203125,
                4964.109375
            ]
        ]
    },
    "lr": 10.0,
    "n_gaussian": 5,
    "negative_sampling": 10,
    "precompute_rw": 1,
    "save": true,
    "seed": 1,
    "size": 2,
    "supervised_evaluation": 0.7113050103187561,
    "walk_lenght": 40
}