{
    "accuracy": 80.95238095238095,
    "accuracy_kmeans": 75.23809523809524,
    "alpha": 0.01,
    "batch_size": 512,
    "beta": 1.0,
    "context_size": 4,
    "cuda": true,
    "dataset": "books",
    "em_iter": 0,
    "embedding_optimizer": "exphsgd",
    "epoch": 1,
    "epoch_embedding": 10,
    "epoch_embedding_init": 500,
    "force_rw": true,
    "gamma": 0.1,
    "id": "BOOKS-4D-KMEANS-1",
    "init_alpha": 0.01,
    "init_beta": 1.0,
    "init_lr": 2.0,
    "kmeans_from_embeddings": {
        "MAX": 83.80952453613281,
        "MEANS": 76.54761505126953,
        "MIN": 68.57142639160156,
        "RES": [
            75.23809814453125,
            77.14286041259766,
            77.14286041259766,
            82.85713958740234,
            77.14286041259766,
            77.14286041259766,
            75.23809814453125,
            83.80952453613281,
            78.0952377319336,
            76.19047546386719,
            83.80952453613281,
            75.23809814453125,
            75.23809814453125,
            75.23809814453125,
            75.23809814453125,
            81.9047622680664,
            68.57142639160156,
            75.23809814453125,
            74.28571319580078,
            77.14286041259766,
            75.23809814453125,
            75.23809814453125,
            80.0,
            80.95237731933594,
            70.47618865966797,
            75.23809814453125,
            78.0952377319336,
            75.23809814453125,
            77.14286041259766,
            78.0952377319336,
            75.23809814453125,
            75.23809814453125,
            70.47618865966797,
            77.14286041259766,
            75.23809814453125,
            78.0952377319336,
            75.23809814453125,
            75.23809814453125,
            75.23809814453125,
            77.14286041259766
        ],
        "STD": 3.1600701808929443,
        "STD_KMEANS": [
            [
                40.273399353027344,
                42.382347106933594,
                29.205398559570312
            ],
            [
                37.8141975402832,
                31.579204559326172,
                42.382347106933594
            ],
            [
                42.382347106933594,
                31.579204559326172,
                37.8141975402832
            ],
            [
                9.569433212280273,
                47.5141716003418,
                57.1536979675293
            ],
            [
                40.6456298828125,
                30.127843856811523,
                41.071563720703125
            ],
            [
                44.8051872253418,
                35.77120590209961,
                31.25712776184082
            ],
            [
                42.75144958496094,
                26.62792205810547,
                44.01054382324219
            ],
            [
                7.534798622131348,
                62.88374710083008,
                43.823631286621094
            ],
            [
                49.76641845703125,
                27.603591918945312,
                36.25651550292969
            ],
            [
                46.037864685058594,
                30.127843856811523,
                35.77120590209961
            ],
            [
                62.88374710083008,
                43.823631286621094,
                7.534798622131348
            ],
            [
                42.382347106933594,
                29.205398559570312,
                40.273399353027344
            ],
            [
                42.382347106933594,
                29.205398559570312,
                40.273399353027344
            ],
            [
                40.273399353027344,
                42.382347106933594,
                29.205398559570312
            ],
            [
                29.205398559570312,
                42.382347106933594,
                40.273399353027344
            ],
            [
                47.5141716003418,
                10.913165092468262,
                55.78020477294922
            ],
            [
                13.7058744430542,
                61.38794708251953,
                45.076873779296875
            ],
            [
                29.205398559570312,
                42.382347106933594,
                40.273399353027344
            ],
            [
                32.129783630371094,
                48.89263153076172,
                31.25712776184082
            ],
            [
                31.25712776184082,
                35.77120590209961,
                44.8051872253418
            ],
            [
                29.205398559570312,
                42.382347106933594,
                40.273399353027344
            ],
            [
                40.273399353027344,
                29.205398559570312,
                42.382347106933594
            ],
            [
                11.362492561340332,
                43.43711853027344,
                68.937255859375
            ],
            [
                17.450389862060547,
                36.671783447265625,
                60.97981262207031
            ],
            [
                69.33739471435547,
                15.574051856994629,
                40.38232421875
            ],
            [
                42.382347106933594,
                29.205398559570312,
                40.273399353027344
            ],
            [
                49.76641845703125,
                36.25651550292969,
                27.603591918945312
            ],
            [
                40.273399353027344,
                29.205398559570312,
                42.382347106933594
            ],
            [
                42.382347106933594,
                31.579204559326172,
                37.8141975402832
            ],
            [
                27.603591918945312,
                49.76641845703125,
                36.25651550292969
            ],
            [
                40.273399353027344,
                29.205398559570312,
                42.382347106933594
            ],
            [
                40.273399353027344,
                42.382347106933594,
                29.205398559570312
            ],
            [
                40.38232421875,
                15.574051856994629,
                69.33739471435547
            ],
            [
                35.77120590209961,
                31.25712776184082,
                44.8051872253418
            ],
            [
                42.382347106933594,
                40.273399353027344,
                29.205398559570312
            ],
            [
                49.76641845703125,
                36.25651550292969,
                27.603591918945312
            ],
            [
                42.382347106933594,
                29.205398559570312,
                40.273399353027344
            ],
            [
                42.382347106933594,
                29.205398559570312,
                40.273399353027344
            ],
            [
                40.273399353027344,
                42.382347106933594,
                29.205398559570312
            ],
            [
                40.6456298828125,
                41.071563720703125,
                30.127843856811523
            ]
        ]
    },
    "lr": 2.0,
    "n_gaussian": 3,
    "negative_sampling": 10,
    "precompute_rw": 5,
    "save": true,
    "seed": 42,
    "size": 4,
    "walk_lenght": 20
}