{
    "accuracy": 74.28571428571429,
    "accuracy_kmeans": 74.28571428571429,
    "alpha": 0.01,
    "batch_size": 512,
    "beta": 1.0,
    "context_size": 4,
    "cuda": true,
    "dataset": "books",
    "em_iter": 0,
    "embedding_optimizer": "exphsgd",
    "epoch": 1,
    "epoch_embedding": 10,
    "epoch_embedding_init": 500,
    "force_rw": true,
    "gamma": 0.1,
    "id": "BOOKS-2D-KMEANS-1",
    "init_alpha": 0.01,
    "init_beta": 1.0,
    "init_lr": 2.0,
    "kmeans_from_embeddings": {
        "MAX": 82.85713958740234,
        "MEANS": 76.33332824707031,
        "MIN": 74.28571319580078,
        "RES": [
            74.28571319580078,
            74.28571319580078,
            74.28571319580078,
            74.28571319580078,
            82.85713958740234,
            74.28571319580078,
            80.0,
            74.28571319580078,
            74.28571319580078,
            74.28571319580078,
            81.9047622680664,
            74.28571319580078,
            82.85713958740234,
            74.28571319580078,
            74.28571319580078,
            74.28571319580078,
            74.28571319580078,
            82.85713958740234,
            74.28571319580078,
            74.28571319580078,
            80.0,
            82.85713958740234,
            74.28571319580078,
            80.0,
            74.28571319580078,
            80.0,
            74.28571319580078,
            80.0,
            80.0,
            74.28571319580078,
            74.28571319580078,
            80.0,
            74.28571319580078,
            74.28571319580078,
            74.28571319580078,
            74.28571319580078,
            74.28571319580078,
            74.28571319580078,
            74.28571319580078,
            74.28571319580078
        ],
        "STD": 3.2533576488494873,
        "STD_KMEANS": [
            [
                48.924888610839844,
                23.54291343688965,
                33.468223571777344
            ],
            [
                23.54291343688965,
                33.468223571777344,
                48.924888610839844
            ],
            [
                23.54291343688965,
                33.468223571777344,
                48.924888610839844
            ],
            [
                33.468223571777344,
                23.54291343688965,
                48.924888610839844
            ],
            [
                60.701637268066406,
                37.614830017089844,
                14.086277961730957
            ],
            [
                33.468223571777344,
                48.924888610839844,
                23.54291343688965
            ],
            [
                15.817220687866211,
                29.79967498779297,
                71.57244110107422
            ],
            [
                48.924888610839844,
                23.54291343688965,
                33.468223571777344
            ],
            [
                23.54291343688965,
                33.468223571777344,
                48.924888610839844
            ],
            [
                48.924888610839844,
                23.54291343688965,
                33.468223571777344
            ],
            [
                7.279423236846924,
                65.9715805053711,
                39.4431266784668
            ],
            [
                23.54291343688965,
                33.468223571777344,
                48.924888610839844
            ],
            [
                60.701637268066406,
                37.614830017089844,
                14.086277961730957
            ],
            [
                33.468223571777344,
                23.54291343688965,
                48.924888610839844
            ],
            [
                48.924888610839844,
                23.54291343688965,
                33.468223571777344
            ],
            [
                33.468223571777344,
                48.924888610839844,
                23.54291343688965
            ],
            [
                33.468223571777344,
                23.54291343688965,
                48.924888610839844
            ],
            [
                60.701637268066406,
                14.086277961730957,
                37.614830017089844
            ],
            [
                23.54291343688965,
                33.468223571777344,
                48.924888610839844
            ],
            [
                48.924888610839844,
                33.468223571777344,
                23.54291343688965
            ],
            [
                29.79967498779297,
                71.57244110107422,
                15.817220687866211
            ],
            [
                37.614830017089844,
                60.701637268066406,
                14.086277961730957
            ],
            [
                23.54291343688965,
                48.924888610839844,
                33.468223571777344
            ],
            [
                29.79967498779297,
                71.57244110107422,
                15.817220687866211
            ],
            [
                33.468223571777344,
                23.54291343688965,
                48.924888610839844
            ],
            [
                71.57244110107422,
                29.79967498779297,
                15.817220687866211
            ],
            [
                33.468223571777344,
                23.54291343688965,
                48.924888610839844
            ],
            [
                15.817220687866211,
                71.57244110107422,
                29.79967498779297
            ],
            [
                15.817220687866211,
                71.57244110107422,
                29.79967498779297
            ],
            [
                48.924888610839844,
                23.54291343688965,
                33.468223571777344
            ],
            [
                48.924888610839844,
                23.54291343688965,
                33.468223571777344
            ],
            [
                71.57244110107422,
                15.817220687866211,
                29.79967498779297
            ],
            [
                33.468223571777344,
                23.54291343688965,
                48.924888610839844
            ],
            [
                23.54291343688965,
                33.468223571777344,
                48.924888610839844
            ],
            [
                48.924888610839844,
                23.54291343688965,
                33.468223571777344
            ],
            [
                48.924888610839844,
                33.468223571777344,
                23.54291343688965
            ],
            [
                48.924888610839844,
                33.468223571777344,
                23.54291343688965
            ],
            [
                23.54291343688965,
                33.468223571777344,
                48.924888610839844
            ],
            [
                33.468223571777344,
                23.54291343688965,
                48.924888610839844
            ],
            [
                48.924888610839844,
                33.468223571777344,
                23.54291343688965
            ]
        ]
    },
    "lr": 2.0,
    "n_gaussian": 3,
    "negative_sampling": 10,
    "precompute_rw": 5,
    "save": true,
    "seed": 42,
    "size": 2,
    "walk_lenght": 20
}