{
    "accuracy": 74.28571428571429,
    "accuracy_kmeans": 74.28571428571429,
    "alpha": 0.01,
    "batch_size": 512,
    "beta": 1.0,
    "context_size": 4,
    "cuda": true,
    "dataset": "books",
    "em_iter": 0,
    "embedding_optimizer": "exphsgd",
    "epoch": 1,
    "epoch_embedding": 10,
    "epoch_embedding_init": 500,
    "force_rw": true,
    "gamma": 0.1,
    "id": "BOOKS-2D-KMEANS-1",
    "init_alpha": 0.01,
    "init_beta": 1.0,
    "init_lr": 2.0,
    "kmeans_from_embeddings": {
        "MAX": 82.85713958740234,
        "MEANS": 75.57141876220703,
        "MIN": 73.33333587646484,
        "RES": [
            74.28571319580078,
            74.28571319580078,
            74.28571319580078,
            74.28571319580078,
            74.28571319580078,
            74.28571319580078,
            82.85713958740234,
            74.28571319580078,
            74.28571319580078,
            74.28571319580078,
            74.28571319580078,
            74.28571319580078,
            74.28571319580078,
            74.28571319580078,
            81.9047622680664,
            74.28571319580078,
            73.33333587646484,
            81.9047622680664,
            74.28571319580078,
            74.28571319580078,
            74.28571319580078,
            74.28571319580078,
            74.28571319580078,
            80.0,
            74.28571319580078,
            74.28571319580078,
            74.28571319580078,
            74.28571319580078,
            74.28571319580078,
            81.9047622680664,
            74.28571319580078,
            74.28571319580078,
            74.28571319580078,
            80.0,
            74.28571319580078,
            74.28571319580078,
            78.0952377319336,
            74.28571319580078,
            74.28571319580078,
            80.0
        ],
        "STD": 2.7497100830078125,
        "STD_KMEANS": [
            [
                48.92213821411133,
                33.53874588012695,
                23.599294662475586
            ],
            [
                48.92213821411133,
                23.599294662475586,
                33.53874588012695
            ],
            [
                48.92213821411133,
                23.599294662475586,
                33.53874588012695
            ],
            [
                33.53874588012695,
                48.92213821411133,
                23.599294662475586
            ],
            [
                23.599294662475586,
                33.53874588012695,
                48.92213821411133
            ],
            [
                48.92213821411133,
                33.53874588012695,
                23.599294662475586
            ],
            [
                60.78644561767578,
                14.085148811340332,
                37.682373046875
            ],
            [
                33.53874588012695,
                23.599294662475586,
                48.92213821411133
            ],
            [
                23.599294662475586,
                33.53874588012695,
                48.92213821411133
            ],
            [
                23.599294662475586,
                33.53874588012695,
                48.92213821411133
            ],
            [
                33.53874588012695,
                48.92213821411133,
                23.599294662475586
            ],
            [
                33.53874588012695,
                48.92213821411133,
                23.599294662475586
            ],
            [
                23.599294662475586,
                33.53874588012695,
                48.92213821411133
            ],
            [
                33.53874588012695,
                23.599294662475586,
                48.92213821411133
            ],
            [
                39.519775390625,
                14.214487075805664,
                58.718231201171875
            ],
            [
                48.92213821411133,
                23.599294662475586,
                33.53874588012695
            ],
            [
                46.172115325927734,
                53.321170806884766,
                28.699081420898438
            ],
            [
                66.06026458740234,
                39.519775390625,
                7.278481960296631
            ],
            [
                23.599294662475586,
                33.53874588012695,
                48.92213821411133
            ],
            [
                48.92213821411133,
                33.53874588012695,
                23.599294662475586
            ],
            [
                48.92213821411133,
                33.53874588012695,
                23.599294662475586
            ],
            [
                48.92213821411133,
                33.53874588012695,
                23.599294662475586
            ],
            [
                48.92213821411133,
                33.53874588012695,
                23.599294662475586
            ],
            [
                71.65860748291016,
                15.815789222717285,
                29.864425659179688
            ],
            [
                48.92213821411133,
                23.599294662475586,
                33.53874588012695
            ],
            [
                23.599294662475586,
                48.92213821411133,
                33.53874588012695
            ],
            [
                33.53874588012695,
                23.599294662475586,
                48.92213821411133
            ],
            [
                48.92213821411133,
                23.599294662475586,
                33.53874588012695
            ],
            [
                33.53874588012695,
                23.599294662475586,
                48.92213821411133
            ],
            [
                7.278481960296631,
                39.519775390625,
                66.06026458740234
            ],
            [
                53.321170806884766,
                51.83504104614258,
                23.14480972290039
            ],
            [
                23.599294662475586,
                33.53874588012695,
                48.92213821411133
            ],
            [
                23.599294662475586,
                33.53874588012695,
                48.92213821411133
            ],
            [
                71.65860748291016,
                15.815789222717285,
                29.864425659179688
            ],
            [
                33.53874588012695,
                23.599294662475586,
                48.92213821411133
            ],
            [
                33.53874588012695,
                48.92213821411133,
                23.599294662475586
            ],
            [
                71.65860748291016,
                26.632312774658203,
                19.684457778930664
            ],
            [
                23.599294662475586,
                48.92213821411133,
                33.53874588012695
            ],
            [
                48.92213821411133,
                33.53874588012695,
                23.599294662475586
            ],
            [
                71.65860748291016,
                15.815789222717285,
                29.864425659179688
            ]
        ]
    },
    "lr": 2.0,
    "n_gaussian": 3,
    "negative_sampling": 10,
    "precompute_rw": 5,
    "save": true,
    "seed": 42,
    "size": 2,
    "walk_lenght": 20
}